-- phpMyAdmin SQL Dump
-- version 4.2.11
-- http://www.phpmyadmin.net
--
-- Servidor: 127.0.0.1
-- Tiempo de generación: 16-11-2022 a las 04:59:47
-- Versión del servidor: 5.5.40
-- Versión de PHP: 5.5.19

SET SQL_MODE = "NO_AUTO_VALUE_ON_ZERO";
SET time_zone = "+00:00";


/*!40101 SET @OLD_CHARACTER_SET_CLIENT=@@CHARACTER_SET_CLIENT */;
/*!40101 SET @OLD_CHARACTER_SET_RESULTS=@@CHARACTER_SET_RESULTS */;
/*!40101 SET @OLD_COLLATION_CONNECTION=@@COLLATION_CONNECTION */;
/*!40101 SET NAMES utf8 */;

--
-- Base de datos: `base_foromilitar`
--

-- --------------------------------------------------------

--
-- Estructura de tabla para la tabla `armas`
--

CREATE TABLE IF NOT EXISTS `armas` (
`id` int(10) unsigned NOT NULL,
  `arma` varchar(20) NOT NULL,
  `peso` varchar(20) NOT NULL,
  `alcance` varchar(20) NOT NULL,
  `info` mediumtext NOT NULL,
  `tipo` varchar(150) NOT NULL
) ENGINE=InnoDB AUTO_INCREMENT=28 DEFAULT CHARSET=utf8mb4;

--
-- Volcado de datos para la tabla `armas`
--

INSERT INTO `armas` (`id`, `arma`, `peso`, `alcance`, `info`, `tipo`) VALUES
(1, 'Steyr AUG', '3.6 kilogramos', '300 metros', 'El “Steyr AUG” es un fusil de asalto, introducido en 1978 por la compañía austriaca Steyr Mannlicher, reemplazando al StG 58 de 7,62 mm.? AUG significa Armee Universal Gewehr, que podría ser traducido como "fusil universal del ejército". Se utiliza a menudo para referirse a una versión específica, especialmente a la versión de fusil de asalto Bullpup de la OTAN, que utiliza la munición 5,56 x 45 OTAN, con un característico armazón verde y una mira táctica integrada.\nFue adoptado por el Fuerzas Armadas de Austria como StG 77 (Sturmgewehr 77) en 1978, Tiene una variedad de modelos para cada tipo de misión. Ha sido adoptado por numerosas fuerzas y organizaciones armadas, y es el fusil estándar en servicio de Austria, Australia, Nueva Zelanda, Luxemburgo, Irlanda, Malasia y Uruguay.\n', 'fusildeasalto'),
(2, 'AR-15/M16', '2.97 kilogramos', '500 metros', 'El ArmaLite “AR-15” es un fusil de asalto de 5,56 mm, accionado por gas y alimentado desde cargadores de 25 y 20 cartuchos, que cuenta con un cerrojo rotativo y un diseño lineal. Fue diseñado por Eugene Stoner, Leroy James Sullivan y Bob Fremont, a partir del fusil AR-10. El AR-15 fue diseñado desde el inicio como un fusil de asalto ligero, que dispararía un nuevo cartucho con una bala de pequeño calibre y alta velocidad, que permitiría a los soldados transportar mayor cantidad de munición?.\r\nEn 1959, ArmaLite vendió sus derechos sobre el AR-15 a la Colt ''s Manufacturing Company debido a dificultades financieras. La Colt continuó produciendo el fusil bajo la marca Colt ArmaLite AR-15 y lo publicita a diversas Fuerzas Armadas alrededor del mundo.\r\n	El “M16” (oficialmente Fusil, Calibre 5,56 mm, M16) es la designación de las Fuerzas Armadas de los Estados Unidos para una variación del fusil AR-15. La compañía Colt compró los derechos del AR-15 a ArmaLite y actualmente solo usa esa designación para versiones semiautomáticas del fusil. El M16 dispara el cartucho 5,56 × 45 OTAN. Entró en servicio con el Ejército de los Estados Unidos y fue desplegado por primera vez para las operaciones de la guerra de Vietnam en Vietnam del Sur en 1963, convirtiéndose en el fusil estándar de las FF. AA. estadounidenses en 1969,? reemplazando en ese papel al fusil M14. El Ejército de los Estados Unidos mantuvo en servicio al M14 en los Estados Unidos continentales, Europa, y Corea del Sur hasta 1970. El M16 ha sido ampliamente adoptado por ejércitos de todo el mundo.? La producción total de fusiles M16 desde el inicio de su diseño es de ocho millones aproximadamente, siendo el arma más producida de su calibre.? El M16 pasó a ser reemplazado en el Ejército de los Estados Unidos por la carabina M4, que es una versión corta derivada del M16A2.', 'fusildeasalto'),
(3, 'FARA 83', '3.95 kilogramos', '500 metros', 'El FARA 83 o FAA 81 es un fusil de asalto desarrollado en Argentina entre 1981 y 1983.\r\nOriginalmente denominado FAA 81 (Fusil de Asalto Argentino 1981), el FARA 83 (Fusil de Asalto de la República Argentina 1983) nació por un requerimiento del Ejército Argentino (EA) a la Dirección General de Fabricaciones Militares (DGFM) para reemplazar a los FN FAL calibre 7,62 mm por un fusil de diseño nacional de calibre 5,56 mm, de retroceso más suave y con mayor capacidad del cargador. El prototipo del fusil fue completado en 1981 y su producción comenzó en 1984, siendo producido hasta 1990.\r\nA finales de la década de 1980, durante la presidencia de Carlos Menem, Argentina atravesaba problemas económicos. La crisis económica limitó la producción de armas modernas. Este factor obligó a Menem a cancelar varios proyectos, inclusive los misiles Cóndor I y Cóndor II, el FARA 83 y el FMA SAIA 90. También tuvo que cerrar fábricas de armamento, inclusive la Tanque Argentino Mediano Sociedad del Estado (TAMSE), que producía los tanques TAM, y el Astillero Domecq García (el único astillero especializado en submarinos). La producción del fusil se detuvo cuando se habían fabricado 1.193 fusiles, sin embargo, se reinició en 1990; se desconoce el número de fusiles fabricados, pero las Fuerzas Armadas Argentinas todavía emplean el FN FAL, mientras que el FARA 83 es empleado en número muy limitado solo por el Ejército Argentino.\r\n', 'fusildeasalto'),
(4, 'FN Fal', '3.9 kilogramos', '650 metros', 'El FAL (acrónimo de Fusil Automatique Léger, fusil automático ligero en francés) es un fusil de combate calibre 7,62 mm, de carga y disparo automático, de fuego selectivo, diseñado por Dieudonné Saive de la industria de armamentos belga FN Herstal (FN) a fines de los años 1940, y producido desde principios de los años 1950 hasta la actualidad.\r\nEs uno de los fusiles más conocidos y utilizados del mundo. Se trata de un fusil que marcó la historia del siglo XX: fue adquirido y ampliamente usado por las fuerzas de más de 90 países, siendo producido en al menos 10 de ellos.\r\nDado su gran uso, especialmente entre las fuerzas armadas, se le conoce como «la mano derecha del mundo libre».? Cabe destacar que hay quien opina que este es un fusil de asalto, si bien no es así puesto que es un fusil de combate.\r\n', 'fusildeasalto'),
(5, 'FAMAS', '3.61 kilogramos', '450 metros', 'El FAMAS (acrónimo en francés de Fusil d''Assaut de la Manufacture d''Armes de St-Étienne, "Fusil de Asalto de la Manufactura de Armas de St-Étienne") es un fusil de asalto con configuración bullpup diseñado y manufacturado en Francia por la fábrica de armas de Saint-Étienne, el cual es miembro de propiedad del complejo francés Nexter (antes GIAT industries). Es uno de los fusiles de servicio que utiliza el ejército francés.\r\nEl desarrollo comenzó en 1967 bajo la dirección de Paul Tellie y el primer prototipo completado se desarrolló en 1971. La evaluación militar del fusil comenzó en 1972, el ejército francés finalmente aceptó el fusil en 1978 como arma estándar de combate. Después de adoptarlo, el FAMAS (designado FAMAS F1) reemplazó el antiguo fusil semiautomático MAS-49 y al subfusil MAT-49.\r\nFueron producidos aproximadamente 400.000 fusiles de asalto FAMAS F1, después Industrias GIAT reemplazó el FAMAS F1 por el nuevo FAMAS G1. El G1 incluía varias mejoras menores como la zona de agarre rediseñada y un protector alargado en el gatillo.\r\nEl G1 fue un modelo provisional, ya que pronto fue mejorado y llamado FAMAS G2. El G2 apareció en 1994 y fue adquirido por la marina francesa en 1995.\r\nPara finales del 2006, sin embargo, el ejército de tierra francés continuaba con el F1. No cambiaba al modelo G2 porque esperaba a la próxima versión: FAMAS Félin.\r\n', 'fusildeasalto'),
(6, 'IMI Galil', '3.65 kilos', '1100 metros', 'El Galil (formalmente IMI Galil; en hebreo, ??????) es un fusil de asalto de fabricación israelí. Fue uno de los fusiles de asalto principales usados por las Fuerzas de Defensa Israelíes durante décadas, y es el principal fusil de infantería del ejército colombiano (en reemplazo por una versión mejorada del mismo), de fabricación colombiana, el Indumil Galil Córdova. Tiene muy buen desempeño en la selva y es un arma versátil y precisa. Fue diseñado por Yisrael Galil, de quien toma su nombre, mas no como se cree erradamente que deriva de la región de Galilea. Es una mezcla de los diseños del AK-47 ruso y el Rk 62 finlandés (del que copia el mecanismo de funcionamiento), así como del FN FAL belga (del que toma la culata plegable y la bayoneta). Utiliza como munición los cartuchos 5,56 x 45 OTAN y 7,62 x 51 OTAN y es tan sencillo de fabricar como el AK-47 y el Rk 62, pero sus acabados son de mejor calidad y, por consiguiente, más duraderos. Es enfriado por aire, funciona por acción de los gases y puede disparar en modo automático o semiautomático.\r\nEl Galil es de mayor peso en comparación con el M16A1 estadounidense; pesa aproximadamente 3,9 kilogramos estando descargado, contra el M16A1 de 2,9 kg. Por lo tanto algunos lo consideran como un arma muy pesada para los soldados de infantería, aunque su corta longitud lo hizo muy popular entre las tropas (el Galil de 840/614 milímetros, contra el M16A1 de 986 milímetros). Esto se debe a que el modelo ARM, que es la versión inicial, usa un bípode y una culata plegable hacia la derecha. El fusil Galil en todos sus modelos AR, SAR y ARM está fabricado en acero, lo que lo hace más resistente a golpes y a condiciones extremas del ambiente, funcionando perfectamente después de horas de combate aún sin limpiar sus mecanismos, factor que le favorece frente a otras armas que requieren un mayor cuidado y mantenimiento. Hoy día es considerado como un fusil de peso liviano en comparación con otros fusiles.\r\n', 'fusildeasalto'),
(7, 'SIG SG 550', '4.1 kilogramos', '400 metros', 'El SIG SG 550 (Sturmgewehr 90) es un fusil de asalto fabricado por Swiss Arms AG (anteriormente Schweizerische Industrie Gesellschaft) de Suiza. Se considera uno de los fusiles de asalto más precisos fabricados en serie.[cita requerida] Incluye de serie un bípode de plegado integral y una culata plegable. El rifle tiene una acción de disparo tipo AK-47, y también se le conoce como FASS 90 (Fusil d''Assaut Standard Suisse 90) en francés o como Stgw 90 (Sturmgewehr 90) en alemán.\r\nLa variante SIG SG 551 tipo carabina de este fusil ha sido adoptada por varias agencias federales estadounidenses debido a su fiabilidad y precisión, así como por numerosas fuerzas especiales en todo el mundo.\r\nUn rasgo interesante de todos los fusiles SIG 550/551/552 es que son equipados con cargadores de plástico translúcido, y que pueden engancharse juntos para facilitar una recarga más rápida. En la parte delantera también destaca una pieza metálica cuyo objetivo es el de mantener el lanzagranadas.\r\n', 'fusildeasalto'),
(8, 'Heckler & Koch G41', '4 kilogramos', '400 metros', 'Actualmente es utilizado por el Grupo de Operaciones Especiales de la Fuerza Aérea Argentina, la Gendarmería turca, el Grupo Especial de Operaciones del Cuerpo Nacional de Policía español y los Comandos del Ejército Argentino.', 'fusildeasalto'),
(9, 'H & K 33', '4 kilogramos', '400 metros', 'El HK33 es un fusil de asalto calibre 5,56 mm desarrollado en la década de 1960 por el fabricante de armamento de Alemania Occidental Heckler & Koch, principalmente para exportación.\r\nCapitalizando el éxito del G3, la compañía diseñó una familia de armas ligeras (todas usando el principio de operación del G3 y su concepto de diseño básico) que consiste de cuatro tipos de armas: el primer tipo, calibrado para el 7,62 x 51 OTAN, el segundo - que utiliza el cartucho soviético 7,62 x 39 - el tercero - que utiliza el cartucho intermedio 5,56 x 45 OTAN- y el cuarto - calibrado para el cartucho de pistola 9 x 19 Parabellum.\r\nLa serie de fusiles HK 33 fueron adoptados por la Fuerza Aérea Brasileña, las Fuerzas Armadas de Tailandia y Malasia, dónde fueron producidas bajo licencia. Este fusil también fue fabricado bajo licencia en Francia por MÁS y en Turquía por MKEK.\r\n', 'fusildeasalto'),
(10, 'FN F2000', '3.6 kilogramos', '500 metros', 'El FN F2000 es un fusil de asalto bullpup calibre 5,56 mm, diseñado por la empresa FN Herstal en Bélgica. El FN F2000 hizo su debut en marzo de 2001 en la exposición de defensa IDEX celebrada en Abu Dhabi, en los Emiratos Árabes Unidos.\r\nEl FN F2000 es un arma de diseño bullpup, con sistema de fuego selectivo, y utiliza la munición compacta de 5,56 x 45 mm OTAN. El fusil está conformado por dos partes principales que son el armazón del cañón y el armazón principal, acoplados entre sí por un eje pasador situado encima del guardamonte. Sobre el cañón posee rieles Picatinny, con los cuales se le pueden acoplar distintos accesorios como miras ópticas, reflex, etc. El armazón principal contiene el grupo de disparo, el cierre y el portacierre, el mecanismo de retorno y el cargador.\r\nEl FN F2000 es operado por sistema de retroceso por gases, de carga automática y es un fusil completamente ambidiestro. Pero el sistema de seguridad y el mecanismo del disparador fueron tomados del subfusil P90. El selector es un disco localizado debajo del disparador, que cumple doble función y asegura contra disparos accidentales (el selector tiene 3 posiciones: "S"-seguro,"1"-modo semiautomático,"A"-modo automático). La posición de "seguro" deshabilita el disparador. El grupo de martillo y resortes son de acero, mientras todos los demás componentes son de nylon moldeado por inyección, y el exterior del fusil está fabricado de materiales compuestos.\r\n', 'fusildeasalto'),
(11, 'FN FNC', '3.84 kilos', '400 metros', 'El FN FNC (siglas en francés de Fabrique Nationale Carabine) es un fusil de asalto calibre 5,56 mm, desarrollado por el fabricante de armas belga Fabrique Nationale de Herstal (FN) e introducido en servicio a finales de la década de 1970.\r\nEl fusil fue desarrollado entre 1975 y 1977 para las pruebas de estandarización de la OTAN. El diseño del fusil está basado en el prototipo FNC 76, que a su vez se originó a partir del comercialmente fallido fusil FN CAL. Este prototipo fue rápidamente retirado de las pruebas de la OTAN después de su pobre desempeño debido a su apresurado desarrollo. En pruebas posteriores para las Fuerzas Armadas de Suecia, llevadas a cabo entre 1981 y 1982 con prototipos actualizados, demostraron la utilidad y eficiencia del diseño, impresionando tanto al Ejército sueco como al Ejército belga.? El FN FNC fue finalmente adoptado por las Fuerzas Armadas de Bélgica en 1989, como un reemplazo del FN FAL de 7,62 mm, después de haber sido suministrado en pequeñas cantidades a las unidades de infantería aerotransportada por varios años.\r\n', 'fusildeasalto'),
(12, 'Beretta ARX-160', '3.1 kilogramos', '600 metros', 'El ARX-160 es un fusil de asalto que fue desarrollado por la reconocida compañía de armas Beretta para cumplir con los requerimientos del programa "Soldado del Futuro" del ejército de la República de Italia.\r\nLos requerimientos para el programa Soldado del futuro establecen que el fusil debe poder adaptarse fácilmente a varios calibres y al uso de cañones de distintas longitudes además de ofrecer un diseño ergonómico y la posibilidad de adaptar diversos componentes. El fusil se encuentra disponible para los cartuchos 5,56 × 45 mm OTAN y 7,62 × 51 mm OTAN y usa los cargadores STANAG.\r\nEl fusil comparte muchas características AR-70/90. Es accionado por los gases del disparo y posee un sistema de pistón de recorrido corto, siendo el armazón del fusil construido principalmente en polímero, el acabado es liso y fluido sin partes salientes innecesarias. No es 100% ambidiestro pero si incluye controles a ambos lados del fusil (selector de modo de disparo y el mecanismo de carga) además de la posibilidad de cambiar la salida de eyección de las vainas con solo rotar el mecanismo correspondiente. La culata es plegable y extensible a la vez. ', 'fusildeasalto'),
(13, 'FN FAL', '3.9 kilogramos', '650 metros', 'Fusil de combate “FN Fal” (Acrónimo de de Fusil Automatique Léger, fusil automático ligero en francés) es un fusil de combate calibre 7,62 mm, de carga y disparo automático, de fuego selectivo, diseñado por Dieudonné Saive de la industria de armamentos belga FN Herstal (FN) a fines de los años 1940, y producido desde principios de los años 1950 hasta la actualidad.\r\nEs uno de los fusiles más conocidos y utilizados del mundo. Se trata de un fusil que marcó la historia del siglo XX: fue adquirido y ampliamente usado por las fuerzas de más de 90 países, siendo producido en al menos 10 de ellos.?\r\nDado su gran uso, especialmente entre las fuerzas armadas, se le conoce como «la mano derecha del mundo libre».? Cabe destacar que hay quien opina que este es un fusil de asalto, si bien no es así puesto que es un fusil de combate.', 'fusildecombate'),
(15, 'G3', '2.35 kilogramos', '400 metros', 'El Heckler & Koch “G3” es un fusil de combate fabricado por la empresa alemana Heckler & Koch, en colaboración con la empresa estatal española CETME (Centro de Estudios Técnicos de Materiales Especiales).\r\nEl origen de este fusil se remonta a los últimos años de la Segunda Guerra Mundial, cuando los ingenieros del Grupo de Desarrollo de Armas Ligeras (Abteilung 37) de la Mauser in Oberndorf am Neckar diseñaron el prototipo de fusil de asalto MKb Gerät 06 (Maschinenkarabiner Gerät 06 o "Carabina automática Aparato 06") que disparaba el cartucho 7,92 x 33 Kurz, empleando un mecanismo de retroceso corto y cerrojo con rodillos adaptado de la ametralladora MG 42, pero con un cañón fijo y un pistón accionado por gas. Se observó que al poner atención en las cadencias de los mecanismos, el sistema de gas podía omitirse. El arma resultante fue el Gerät 06H (la "H" es una abreviación de halb verriegelt o "semi acerrojado"), que fue denominada como StG 45(M) (Sturmgewehr 45(M)) pero no se produjo en grandes cantidades y la guerra terminó antes que se completaran los primeros fusiles de serie.', 'fusildecombate'),
(16, 'FN M240', '12,5 kilogramos', '1800 metros', 'La M240 (formalmente Ametralladora, 7,62 mm, M240) es una versión especial de la ametralladora media belga FN MAG hecha para el Ejército de Estados Unidos en los años 1970.\r\nDesde entonces ha sido usada por las fuerzas estadounidenses, en gran parte por la infantería, vehículos terrestres, medios marinos y aéreos. A pesar de no ser la ametralladora más ligera en servicio, la M240 es conocida por su fiabilidad y por ser estandarizada como ametralladora de la OTAN.\r\nTodas las variantes de la serie M240 son alimentadas por cinta desintegrable y son capaces de disparar varios tipos de cartuchos 7,62 × 51 mm OTAN. Todas comparten las mismas piezas internas, por lo que son intercambiables entre otras variantes de esta familia. Las diferencias radican en su peso y otras características.\r\nLa M240 es fabricada por la división estadounidense de FN Herstal, una compañía belga que históricamente siempre fabricó armas para Estados Unidos.\r\nLa M240B y M240G son disparadas desde sus bípodes, el trípode M122A1 u otros tipos de montajes.\r\n', 'ametralladora'),
(17, 'FN M249', '6,88 kilogramos', '1038 metros', 'La ametralladora ligera M249 (formalmente Ametralladora Ligera, 5,56 mm, M249; también conocida como arma automática de pelotón M249, en inglés: M249 Squad Automatic Weapon) es la versión estadounidense de la ametralladora ligera belga FN Minimi, fabricada por FNH USA y empleada por todas las ramas de las Fuerzas Armadas de los Estados Unidos. La ametralladora fue introducida en 1984, siendo la única candidata en superar varias pruebas. Provee el gran volumen de fuego de una ametralladora media con munición de menor peso.\r\nLa M249 es accionada por los gases del disparo y enfriada por aire. Posee un cañón de cambio rápido, que permite a sus servidores reemplazarlo en poco tiempo cuando se sobrecalienta o bloquea. Tiene un bípode plegable acoplado cerca del cañón, aunque también puede montarse sobre un trípode fijo.\r\nLa M249 dispara a cerrojo abierto y es accionada por los gases del disparo; cuando se dispara una bala, los gases generados son empleados para empujar hacia atrás un pistón. Este ejecuta el casquillo de la bala disparada e inserta un nuevo cartucho en la recámara, preparando el siguiente disparo. No posee sistema de enfriamiento, la simple exposición al aire la enfría luego de disparar.\r\n', 'ametralladora'),
(18, 'FN FAP', '3,9 kilogramos', '2000 metros ', 'Partiendo de las piezas básicas constitutivas del FAL, la FN ha desarrollado el fusil automático llamado FAP 50-41 cuya única diferencia con el FAL es su cañón dos veces más pesado, un guardamano más envolvente y un bípode reforzado. Esta arma aumenta considerablemente la flexibilidad de empleo de la familia de los fusiles cal. 7,62 mm de la FN\r\nEl principio de funcionamiento del arma es por tomas de gases en un punto del cañón. La adecuación de gases se controla por medio de un regulador que permite asegurar un funcionamiento regular y suave sin retroceso excesivo.\r\nLos órganos de puntería están compuestos por un alza de anillo, graduado hasta 600 metros y fijada sobre la parte posterior de la armadura del arma, en el modelo del FAL I y el FAP.\r\n', 'ametralladora'),
(19, 'HK21', '7,92 kilos ', '1200 metros', 'La HK21 es una ametralladora media alemana calibre 7,62 mm, desarrollada en 1961 por la empresa Heckler & Koch y basada en el fusil de combate G3. Es empleada por las fuerzas armadas de varios países asiáticos, africanos y latinoamericanos. También es fabricada bajo licencia en Portugal por la Fábrica do Braço de Prata como la m/968 y en México por la SEDENA como la MG21. En el Bundeswehr y la Bundespolizei es denominada "G8".\r\nLa HK21 es un arma con fuego selectivo accionada por retroceso retardado mediante un mecanismo semirrígido que retrasa el retroceso del cerrojo. Este retraso fue obtenido al aumentar artificialmente la inercia del cerrojo al emplear un sistema de transmisión angular, interpuesto, instalado paralelo al cañón, con dos rodillos cilíndricos que actúan como elementos de transmisión contra una pieza de acerrojado móvil que impulsa el pesado porta cerrojo.\r\n', 'ametralladora'),
(20, 'Steyr MG 74', '12 kilogramos', '600 metros', 'Fue creada ante la necesidad del Ejército Federal Austríaco de diseñar una ametralladora de fabricación nacional. La base fue la MG 42/59 alemana, el desarrollo fue completado en 1974 y desde entonces se convirtió en la ametralladora estándar de las Fuerzas Armadas de Austria.\r\nEs también utilizada por el Ejército Argentino, por sus unidades de Caballería en los cazacarros SK-105 Kürassier adquiridos a Austria.\r\n', 'ametralladora'),
(21, 'M60 E4', '10,5 kilogramos', '1100 metros', 'La M60 (oficialmente Ametralladora de los Estados Unidos, Calibre 7,62 mm, M60) es una ametralladora de propósito general desarrollada por los Estados Unidos en los años 1950, basada en el diseño de las armas alemanas MG42 y FG42.[cita requerida] Alimentada mediante cinta y accionada por los gases de disparo, utiliza el cartucho 7.62 × 51 mm OTAN y se usa como arma de apoyo desde 1957. En las Fuerzas Armadas de los Estados Unidos ha sido reemplazada en gran medida por la ametralladora M240.\r\nLa ametralladora M60 comenzó su desarrollo a finales de la década de 1940, como un programa para una ametralladora nueva y más ligera del calibre 7,62 mm. El diseño incluía características de otras ametralladoras (como la alemana MG42) además de otras características propias. El propósito de esta arma era sustituir al BAR y a la ametralladora Browning M1919A6, usadas ambas como armas de apoyo de pelotón, además de en el rol de ametralladora media. \r\n', 'ametralladora'),
(22, 'IMI Negev', '7,40 kilogramos', '1000 metros', 'La IMI Negev es una ametralladora ligera israelí que emplea cartuchos 5,56 x 45 OTAN, desarrollada por la IMI de Ramat HaSharon (ahora Israel Weapon Industries) como el reemplazo de la ametralladora ligera del mismo calibre Galil ARM. El diseño de esta nueva ametralladora israelí se inició en 1985, siendo oficialmente adoptada por las Fuerzas de Defensa de Israel en 1995.\r\nLa Negev es una ametralladora accionada por los gases del disparo, que empujan un pistón de recorrido corto dentro de un cilindro situado bajo el cañón y que a su vez accionan un cerrojo rotativo. El cerrojo tiene cuatro tetones de acerrojado radiales que se encajan en la recámara y su rotación es controlada por un resalte de su cuerpo, que encaja en una hendidura del porta cerrojo.\r\n', 'ametralladora'),
(23, 'MG4', '7,9 kilogramos', '1000 metros', 'La MG4 es una ametralladora ligera calibre 5,56 mm alimentada mediante cinta, diseñada y desarrollada por Heckler & Koch. Fue desarrollada a finales de los 90 y presentada al público en el 2001. Ha sido seleccionada para reemplazar a la MG3 como arma de apoyo, pero la complementará en otros cometidos. La MG4 también será el armamento secundario del nuevo vehículo portatropas Puma. A grandes rasgos, ha sido diseñada para ser ligera, segura de usar y fiable en condiciones adversas empleando munición de fabricación diversa, sin necesidad de ajustar el regulador de gases. Inicialmente fue conocida como MG43, antes de ser adoptada por el Bundeswehr.\r\nLa MG4 es una ametralladora alimentada mediante cinta, refrigerada por aire y accionada por los gases del disparo, con cerrojo rotativo y bastante similar a la ametralladora belga Minimi. Solo tiene opción de fuego automático.\r\n', 'ametralladora'),
(24, 'AAT-52', '9,97 kilogramos ', '600 metros', 'La AAT-52 (acrónimo de Arme Automatique Transformable Modèle 1952, Arma Automática Transformable Modelo 1952 en francés), también llamada "La Nana", es una de las primeras ametralladoras de propósito general francesas producidas en el período de la posguerra de la Segunda Guerra Mundial. Era fabricada por la empresa estatal Manufacture d''armes de Saint-Étienne (MAS). La AAT-52 todavía es empleada hoy como arma montada a bordo de vehículos debido a su gran número en servicio, pero ha sido reemplazada a bordo de helicópteros por la FN MAG belga, empezando con el EC 725 Caracal del Comando de Operaciones Especiales y los equipos de búsqueda y rescate de la Fuerza Aérea de Francia. La AAT-52 ha sido principalmente reemplazada por la más ligera FN Minimi en la infantería. Todavía es empleada en Afganistán. La ametralladora AAT-52 fue concebida y desarrollada después de las experiencias militares francesas en la Guerra de Indochina a inicios de la década de 1950.', 'ametralladora'),
(25, ' Browning M2', '38.1 kilogramos ', '740 metros', 'La M2 o ametralladora Browning calibre .50 es una ametralladora pesada diseñada a finales de la Primera Guerra Mundial por Jonh Moses Browning. Su diseño es similar a la ametralladora Browning M1919, que dispara el cartucho .30-06 Springfield. La M2 dispara el cartucho más grande y potente 12,7 x 99 OTAN (.50 BMG), que fue desarrollado paralelamente con el arma y toma su nombre a partir de esta (BMG es el acrónimo de Browning Machine Gun). Los soldados la apodaron «Ma Deuce»,​ por el M2 de su designación. Esta ametralladora tiene varias designaciones específicas; la designación oficial estadounidense para el modelo de infantería es Ametralladora Browning, Calibre .50, M2, HB, Flexible. Es un arma efectiva contra infantería, vehículos y embarcaciones sin blindaje o ligeramente blindados, fortificaciones ligeras y aeronaves a baja altitud.\r\n', 'ametralladora'),
(26, 'M203', '1.36 kilogramos', '150 metros', 'M203 es la designación del Ejército de los Estados Unidos al lanzagranadas acoplado monotiro de 40 mm que generalmente se le instala al fusil de asalto M16 o a la carabina M4.\r\nEl M203 también está acoplado a otras armas distintas del fusil M16 y de la carabina M4 para los que fue diseñado.\r\n', 'lanzagranada'),
(27, 'HK69A1', '2.6 kilogramos', '150 metros', 'El HK69A1 es un lanzagranadas de 40 mm desarrollado y producido por la empresa alemana Heckler & Koch (HK). El arma fue diseñada para atacar soldados enemigos y posiciones fortificadas hasta una distancia de 350 m; también puede ser empleado para lanzar granadas fumígenas y bengalas de iluminación.\r\nLa historia del lanzagranadas se remonta a finales de la década de 1960, cuando se inició el desarrollo de un arma pensada para instalarse (usando un montaje especial) bajo el cañón del fusil Heckler & Koch G3 de 7,62 mm. En 1972 se presentó el prototipo de lo que sería el Granatpistole HK69. Tras ser evaluado, se tomó la decisión de desarrollar una versión individual del lanzagranadas acoplado, que fue creada en 1979 y designada como HK69A1.​ En la década de 1980, el arma entró en servicio con el Heer con la designación Granatpistole 40 mm (también conocida con la abreviatura GraPi). Este lanzagranadas también es empleado por las Fuerzas Especiales y personal de seguridad de varios países.\r\n', 'lanzagranada');

-- --------------------------------------------------------

--
-- Estructura de tabla para la tabla `autoridades`
--

CREATE TABLE IF NOT EXISTS `autoridades` (
`IDtrabajadores` int(11) NOT NULL,
  `nombre` varchar(20) NOT NULL,
  `apellidopat` varchar(20) NOT NULL,
  `apellidomat` varchar(20) NOT NULL,
  `cargo` varchar(60) NOT NULL,
  `fecha` varchar(10) NOT NULL,
  `dni` varchar(10) NOT NULL
) ENGINE=InnoDB AUTO_INCREMENT=23 DEFAULT CHARSET=utf8mb4;

--
-- Volcado de datos para la tabla `autoridades`
--

INSERT INTO `autoridades` (`IDtrabajadores`, `nombre`, `apellidopat`, `apellidomat`, `cargo`, `fecha`, `dni`) VALUES
(1, 'Jorge ', 'Enrique ', 'Taiana', 'Ministro de Defensa', '10/08/2021', '8.362.673'),
(2, 'Héctor', 'Santiago ', 'Mazzei', 'Titular de la UNIDAD GABINETE DE ASESORES.', '15/10/2021', '16.197.404'),
(3, 'Sergio', 'Aníbal ', 'ROSSI', 'Secretario de Estrategia y Asuntos Militares', '28/12/2019', '14.094.441'),
(4, 'José', 'Francisco', 'CAFIERO', 'Secretario de Asuntos Internacionales para la Defensa', '28/12/2019', '27.074.840'),
(5, 'Sandra', 'Daniela', 'CASTRO', 'Secretaria de Investigación, Política Industrial y Producció', '28/12/2019', '31.324.245'),
(6, 'Inés', 'BARBOZA', 'BELISTRI', 'Secretaria de Coordinación Militar en Emergencias', '28/12/2019', '28.991.336'),
(7, 'Oscar ', 'Ramón ', 'NISS', 'Subsecretario de Ciberdefensa', '28/12/2019', '14.923.508'),
(8, 'Roberto ', 'Mario ', 'DE LUISE', 'Subsecretario de Asuntos Internacionales', '28/12/2019', '8.599.297'),
(9, 'Roberto ', 'Dalmiro ', 'ADARO', 'Subsecretario de Investigación Científica y Política Industr', '10/03/2022', '27.082.764'),
(10, 'María ', 'Fernanda ', 'LLOBET', 'Subsecretaría de Planeamiento Estratégico y Política Militar', '28/12/2019', '16.536.409'),
(11, 'Lucía ', 'del Carmen', 'KERSUL', 'Subsecretaria de Planeamiento Operativo y Servicio Logístico', '28/12/2019', '27.298.926'),
(12, 'Roberto ', 'Pedro ', 'CORTI', 'Subsecretario de Planeamiento y Coordinación Ejecutiva en Em', '10/05/2021', '13.079.292'),
(13, 'Carlos ', 'Alberto ', 'MOLINA', 'Director Nacional de Inteligencia Estratégica Militar', '23/12/2021', '11.681.754'),
(14, 'Octavio ', 'Manuel ', 'FRIAS', 'Director Nacional de Planeamiento Operativo para la Defensa', '04/03/2020', '31.507.144'),
(15, 'Horacio ', 'Eugenio ', 'YAZBECK JOZAMI', 'Director Nacional de los Derechos Humanos', '29/05/2020', '4.307.306'),
(16, 'María ', 'Cecilia ', 'CONTI', 'Directora Nacional de Contralor de Material de Defensa', '19/02/2020', '32.187.740'),
(17, 'Sergio ', 'Gabriel ', 'EISSA', 'Director Nacional de Formación', '18/02/2020', '20.425.835'),
(18, 'Luciano ', 'Estanislao', 'ANZELINI', 'Director Nacional de Planeamiento y Estrategia', '17/02/2020', '27.691.669'),
(19, 'Claudia ', 'Miriam ', 'CHIMINELLI', 'Directora Nacional de Articulación de Políticas Municipales', '28/02/2020', '17.575.621'),
(20, 'Alejandra ', 'Inés ', 'BONADÉ', 'Directora Nacional de Planeamiento para la Asistencia en Eme', '20/02/2020', '17.575.621'),
(21, 'Juan ', 'Estanislao ', 'LÓPEZ ', 'Director Nacional de Cooperación para el Mantenimiento de la', '13/02/2020', '24.458.050'),
(22, 'Ignacio ', 'GUTIÉRREZ ', 'BRONDOLO', 'Director Nacional de Política Internacional de la Defensa', '16/04/2020', '32.639.672');

-- --------------------------------------------------------

--
-- Estructura de tabla para la tabla `conflictos`
--

CREATE TABLE IF NOT EXISTS `conflictos` (
`id` int(10) unsigned NOT NULL,
  `nombre` varchar(60) NOT NULL,
  `año` varchar(10) NOT NULL,
  `informacion` varchar(10000) NOT NULL
) ENGINE=InnoDB AUTO_INCREMENT=7 DEFAULT CHARSET=utf8mb4;

--
-- Volcado de datos para la tabla `conflictos`
--

INSERT INTO `conflictos` (`id`, `nombre`, `año`, `informacion`) VALUES
(1, 'Guerra de la independencia argentina', '1810.1816', 'La Guerra de la Independencia Argentina o de las Provincias Unidas del Río de la Plata fue el conjunto de combates y campañas militares ocurridos en el marco de las guerras de independencia hispanoamericanas en diversos países de América del Sur, en los que participaron fuerzas militares de las Provincias Unidas del Río de la Plata, uno de los estados que sucedió al Virreinato del Río de la Plata y que antecedió a la República Argentina.\r\nLos bandos enfrentados suelen ser identificados por los historiadores y cronistas latinoamericanos como patriotas y realistas, ya que se trató de un enfrentamiento entre quienes defendían la independencia de su patria y la creación de los nuevos estados americanos, y aquellos que defendían la integridad de estas provincias dentro de la monarquía española.\r\n'),
(2, 'Guerras de independencias hispanoamericanas', '1810-1829', 'Las guerras de independencia hispanoamericanas fueron una serie de conflictos armados entre 1810 y 1829, que se desarrollaron en los territorios americanos del Imperio español a principios del siglo XIX, en los cuales se enfrentaron el bando a favor de las independencias, también denominado revolucionario o patriota, contra el bando a favor de mantener la integridad de la Monarquía española, que se conocería más tarde como realista o virreinal.\r\n'),
(3, 'Guerra de Brasil-Argentina', '1825-1828', 'La Guerra del Brasil, Guerra argentino-brasileña o Guerra rioplatense-brasilera (Guerra da Cisplatina en portugués) fue un conflicto armado entre las Provincias Unidas del Río de la Plata —que recientemente se habían independizado del Reino de España— y el Imperio del Brasil —que a su vez también se había independizado del Reino Unido de Portugal, Brasil y Algarve—, por la posesión de los territorios que corresponden a la actual República Oriental del Uruguay y parte del actual estado brasileño de Río Grande del Sur y que tuvo lugar entre 1825 y 1828.\r\nEn 1816, numerosas y bien pertrechadas fuerzas del Reino Unido de Portugal, Brasil y Algarve comenzaron la invasión luso-brasileña de la Provincia Oriental —anteriormente llamada la Banda Oriental— y de la casi totalidad de Misiones, realizando también incursiones en las provincias de Corrientes y Entre Ríos.\r\nEn 1821 la Provincia Oriental, tras ser derrotado José Gervasio Artigas el año anterior en la Batalla de Tacuarembó, fue anexada al Brasil con el nombre de Provincia Cisplatina.\r\nCinco años después, en 1825, y con el apoyo del gobierno argentino, un grupo de orientales y de otras provincias, llamado los Treinta y Tres Orientales y liderado por Juan Antonio Lavalleja, ingresó en la Provincia Oriental para desalojar a los ocupantes brasileños. Con la posterior ayuda de Fructuoso Rivera, en pocos meses logró retirar al ejército brasileño y el 25 de agosto, en el Congreso de Florida, declaró la independencia de la Provincia Oriental del Brasil y su unificación con las demás provincias que conformaban las Provincias Unidas del Río de la Plata o Argentina. Brasil declaró la guerra a Argentina.\r\nSi bien al comienzo de las hostilidades las fuerzas imperiales eran mayores a las republicanas, las Provincias Unidas derrotaron a Brasil en muchas batallas en una lucha de tres años por tierra y mar, siendo la Batalla de Ituzaingó la más importante. No obstante, las fuerzas argentinas nunca lograron capturar Montevideo ni penetrar profundamente en territorio brasileño y esto, sumado al hecho de que Brasil obtuvo mejores resultados en el mar al destruir la mayor parte de la pequeña flota argentina, derivó en que Brasil obtuvo al final términos más favorables en el tratado de paz.7​\r\nSin embargo, los problemas económicos y políticos generados en ambos estados, en especial, el bloqueo de la Armada de Brasil al puerto de Buenos Aires y el impasse en tierra (dado que Colonia del Sacramento y Montevideo estuvieron bajo el control de Brasil durante todo el conflicto) aconsejaron iniciar las tratativas de paz. En 1827, el ministro plenipotenciario argentino Manuel José García, excediéndose en su misión, firmó la Convención Preliminar de Paz de 1827 con los representantes brasileños que reconocía la soberanía del Imperio sobre la Provincia Oriental y se comprometía a pagarle a Brasil una indemnización de guerra. El presidente Bernardino Rivadavia la declaró como el «tratado deshonroso», rechazándola y presentando posteriormente su renuncia.\r\nEl conflicto continuó hasta el 27 de agosto de 1828, cuando los representantes del gobierno de la República de las Provincias Unidas del Río de la Plata y los del Emperador del Brasil, Pedro I, firmaron la Convención Preliminar de Paz de 1828, que acordó la independencia de la Provincia Oriental y el cese de las hostilidades.'),
(4, 'Guerra de la triple alianza', '1864-1870', 'La guerra de la Triple Alianza o guerra del Paraguay, llamada por los paraguayos guerra Grande, guerra contra la Triple Alianza o guerra Guasú, y por los brasileños guerra do Paraguai, fue el conflicto militar en el cual la Triple Alianza ―una coalición formada por el Imperio del Brasil, Uruguay y Argentina​ ―luchó militarmente contra Paraguay entre 1864 y 1870.10​\r\n\r\nExisten varias teorías respecto de los detonantes de la guerra. En esencia, el revisionismo argentino y la visión tradicional paraguaya 11​ atribuyen un papel preponderante a los intereses del Imperio británico.La historiografía liberal clásica pone el acento en la agresiva política del mariscal Francisco Solano López respecto de los asuntos rioplatenses.14​\r\n\r\nEl conflicto se desencadenó a fines de 1864, cuando el mariscal Solano López, presidente paraguayo, decidió acudir en ayuda del gobierno ejercido por el Partido Blanco del Uruguay, concretamente para auxiliar en la defensa de Paysandú, en guerra civil contra el Partido Colorado, apoyado este militarmente por el Brasil. López advirtió a los gobiernos de Brasil y la Argentina que consideraría cualquier agresión al Uruguay «como atentatorio del equilibrio de los Estados del Plata», pero tropas brasileñas invadieron territorio uruguayo en octubre de 1864.\r\n\r\nEl 12 de noviembre de 1864, en represalia por la invasión brasileña a Uruguay, el gobierno paraguayo se apoderó de un buque mercante brasileño y del gobernador de la provincia brasileña de Mato Grosso, dando inicio a la Guerra y declarándola al día siguiente. La primera etapa consistió en la invasión del Mato Grosso, en diciembre de 1864, durante la cual fuerzas paraguayas ocuparon y saquearon gran parte de esa provincia.\r\n\r\nSin haber recibido todavía ayuda externa, y atacado por las tropas de Venancio Flores, los invasores brasileños, la escuadra imperial y un importante apoyo logístico del gobierno argentino,15​ el gobierno uruguayo se vio obligado a rendirse.\r\n\r\nSolano López solicitó autorización al presidente argentino Bartolomé Mitre para atravesar territorio argentino rumbo al Uruguay con sus tropas, pero la solicitud fue rechazada por Mitre. De haber permitido que tropas beligerantes atravesaran por su territorio hubiese constituido un abandono de la posición hasta entonces públicamente neutral de la Argentina; por otro lado, el gobierno argentino simpatizaba con el Partido Colorado del Uruguay. En respuesta, tropas paraguayas ocuparon la ciudad argentina de Corrientes en abril de 1865, forzando a la Argentina a entrar en la guerra, aliada con Brasil y el nuevo gobierno uruguayo. A partir de ese momento ya puede hablarse de «Guerra de la Triple Alianza».'),
(5, 'Conquista al desierto', '1878-1885', 'La Conquista del Desierto fue la campaña militar realizada por la República Argentina entre 1878 y 1885, por la que conquistó grandes extensiones de territorio que se encontraban en poder de pueblos originarios pampa, ranquel, mapuche y tehuelche. Se incorporó al control efectivo de la República Argentina una amplia zona de la región pampeana y de la Patagonia (llamada Puelmapu por los mapuche)9 que hasta ese momento estaba dominada por los pueblos indígenas. Éstos, sometidos, sufrieron la aculturación, la pérdida de sus tierras y su identidad al ser deportados por la fuerza a reservas indias, museos o trasladados para servir como mano de obra forzada'),
(6, 'Guerra de Malvinas ', 'abril/1982', 'La guerra de las Malvinas o conflicto del Atlántico Sur (en inglés, Falklands War) fue un conflicto armado entre la Argentina y el Reino Unido desatado en 1982, en el cual se disputó la soberanía de las islas Malvinas, Georgias del Sur y Sandwich del Sur, ubicadas en el Atlántico Sur.\r\n\r\nComenzó en abril con la ocupación de puerto Stanley por parte de tropas argentinas, bajo órdenes de la Junta Militar. Como respuesta, el gobierno británico desplegó una enorme fuerza expedicionaria que al cabo de 10 semanas de batalla desalojó a las fuerzas argentinas. La victoria británica precipitó la caída de la dictadura argentina y el inicio de recuperación del Estado de derecho, al tiempo que contribuyó a la reelección del gobierno conservador de Margaret Thatcher en 1983. Ambos países cortaron relaciones diplomáticas hasta 1990.');

-- --------------------------------------------------------

--
-- Estructura de tabla para la tabla `grup_conform_ffaa`
--

CREATE TABLE IF NOT EXISTS `grup_conform_ffaa` (
`id` int(10) unsigned NOT NULL,
  `nom_grup` varchar(50) NOT NULL,
  `conformado` varchar(4000) NOT NULL,
  `informacion` varchar(4000) NOT NULL
) ENGINE=InnoDB AUTO_INCREMENT=4 DEFAULT CHARSET=utf8mb4;

--
-- Volcado de datos para la tabla `grup_conform_ffaa`
--

INSERT INTO `grup_conform_ffaa` (`id`, `nom_grup`, `conformado`, `informacion`) VALUES
(1, 'EJERCITO ARGENTINO', 'Infantería:Constituye los elementos básicos de combate del ejército.Su misión es la de ejecutar combates en contacto directo con el enemigo, por medio del fuego la maniobra o el choque.\r\nCaballería: Conforma los elementos básicos de combate del Ejército. Su misión es la de establecer contacto, combatir y eliminar al enemigo.\r\nArtillería: Brinda el apoyo de fuego a los elementos básicos de combate. Su misión es la de desarrollar el fuego requerido para el desarrollo de la operación táctica, disparando sobre blancos terrestres y aéreos. \r\nComunicaciones: Su misión es la de proporcionar apoyo de comunicaciones, informática y guerra electrónica, facilitando la conducción propia y dificultando la enemiga. \r\nIngeniero: Su misión es la de ejecutar funciones, actividades y tareas específicas, a fin de contribuir a concretar la misión de la fuerza apoyada. Ejerce su presencia tanto en la vanguardia como en la retaguardia. Soluciona problemas tácticos. Su importancia es vital.\r\n', 'Es la rama terrestre de las Fuerzas Armadas Argentinas siendo uno de los ejecutores del sistema de defensa nacional, cuya misión es rechazar agresiones militares externas '),
(2, 'ARMADA ARGENTINA', 'Flota de Mar:\r\nEl Comando de la Flota de Mar es un comando que conduce el conjunto de buques de superficie de la Armada de la República Argentina. Su asiento está en la Base Naval Puerto Belgrano y depende del Comando de Adiestramiento y Alistamiento de la Armada.​\r\nInfanteria de Marina:La Infantería de Marina de la Armada Argentina nació con los efectivos enviados al Río de la Plata para operar en el mantenimiento de las fronteras del Virreinato; la primera consistió en la reconquista de las Islas Malvinas en 1767 y la defensa de la Banda Oriental, Colonia del Sacramento, por el Virrey Cevallos en 1776. Siguieron las invasiones inglesas de 1806 y 1807 en las que los españoles y americanos organizaron unidades de defensa, que guarnecían la zona de Retiro, conformadas por un Batallón de Marina de 300 Infantes y 100 marineros.\r\nAviacion Naval:La Aviación Naval de la Armada Argentina se encuentra desplegada a lo largo del territorio nacional con asiento en las distintas bases aeronavales, para poder cumplir con su misión de proteger el patrimonio argentino volando sobre el mar.\r\nFuerza de Submarinos:El Comando de la Fuerza de Submarinos (COFS) es la fuerza submarina de la Armada de la República Argentina (ARA). Su guarnición está en la Base Naval Mar del Plata y depende del Comando de Adiestramiento y Alistamiento de la Armada.', 'La Armada de la República Argentina es la rama naval de las fuerzas armadas argentinas, siendo uno de los brazos ejecutores del sistema de defensa nacional, cuya misión principal es rechazar agresiones militares externas.Se compone por cuatro ramas principales, la flota de mar, la infantería de marina, la aviación naval y la fuerza de submarinos.'),
(3, 'FUERZA AEREA  ARGENTINA', 'Aviones de combate/ataque liqero\r\nAviones de entrenamiento\r\nAviones de transporte\r\nHelicotperos', 'La fuerza aérea argentina es la encargada de proteger el espacio aéreo argentino además de poder brindar ayuda humanitaria a zonas afectadas por desastres naturales.');

-- --------------------------------------------------------

--
-- Estructura de tabla para la tabla `informes`
--

CREATE TABLE IF NOT EXISTS `informes` (
`id` int(10) NOT NULL,
  `usuario` varchar(150) NOT NULL,
  `titulo` varchar(150) NOT NULL,
  `informacion` text NOT NULL,
  `descripcion` varchar(500) NOT NULL,
  `fecha_alta` datetime NOT NULL,
  `imagen` mediumblob NOT NULL
) ENGINE=InnoDB AUTO_INCREMENT=53 DEFAULT CHARSET=utf8mb4;

--
-- Volcado de datos para la tabla `informes`
--

INSERT INTO `informes` (`id`, `usuario`, `titulo`, `informacion`, `descripcion`, `fecha_alta`, `imagen`) VALUES
(1, '', 'POCHITA', 'POCHITA ES ARGENTINO Y UN CARPINCHO.\r\n\r\nEs considerado una de las entidades más poderosas de la serie después de los Demonios Primordiales, pudiendo defenderse de las hordas de demonios en el Infierno ileso.', 'Es considerado una de las entidades más poderosas de la serie después de los Demonios Primordiales, pudiendo defenderse de las hordas de demonios en el Infierno ileso.', '2021-11-09 13:30:08', ''),
(2, '', 'TITULO VAN ', 'Abraham Van Helsing is a vampire hunter renowned for his ability to overcome even the strongest and most evil vampires. Being a former member of the British Army, he had almost perfect physical condition and combat ability. Warrant the metaphor of “Human Weapon.” For personal justification, he is in search of someone to settle a long-standing score.', 'Abraham Van Helsing is a vampire hunter renowned for his ability to overcome even the strongest and most evil vampires. Being a former member of the British Army, he had almost perfect physical condition and combat ability. Warrant the metaphor of “Human Weapon.” For personal justification, he is in search of someone to settle a long-standing score.', '0000-00-00 00:00:00', ''),
(3, '', 'kamisama Hajimemashita ', 'Soy una Diosa ¿Y ahora qué? (神様はじめました Kamisama Hajimemashita) es una serie de anime basada en el manga de Julietta Suzuki. Fue producida por TMS Entertainment y dirigida por Akitaro Daichi, empezando su transmisión en octubre de 2012', 'Soy una Diosa ¿Y ahora qué? (神様はじめました Kamisama Hajimemashita) es una serie de anime basada en el manga de Julietta Suzuki. Fue producida por TMS Entertainment y dirigida por Akitaro Daichi, empezando su transmisión en octubre de 2012', '0000-00-00 00:00:00', ''),
(4, '', 'modelo de armas ', 'Tiro a tiro: son las armas que carecen de almacén o cargador y obligan al tirador a repetir manualmente la acción completa de carga del arma en cada disparo; como por ejemplo en las escopetas "de quebrar o de báscula" de uno o dos caños (Art. 3, inc 7° Dto. 395/75).', 'Tiro a tiro: son las armas que carecen de almacén o cargador y obligan al tirador a repetir manualmente la acción completa de carga del arma en cada disparo; como por ejemplo en las escopetas "de quebrar o de báscula" de uno o dos caños (Art. 3, inc 7° Dto. 395/75).', '0000-00-00 00:00:00', ''),
(5, '', 'kiki anime', 'Al cumplir los 13 años, la brujita Kiki debe, como manda la tradición, abandonar su casa y, así, llega a una ciudad donde un panadero la contrata para repartir el pan con su escoba. Un día, Kiki descubre que ya no puede hacer levitar su escoba.', 'Al cumplir los 13 años, la brujita Kiki debe, como manda la tradición, abandonar su casa y, así, llega a una ciudad donde un panadero la contrata para repartir el pan con su escoba. Un día, Kiki descubre que ya no puede hacer levitar su escoba.', '0000-00-00 00:00:00', ''),
(6, '', 'mulan', 'El ejército de los Hunos, encabezado por el malvado Shun Yiu, quiere conquistar China. El emperador obliga a todos los varones a alistarse en el Ejército para proteger el imperio. Por otra parte, Mulán es una chica joven y valiente que vive en una aldea.', 'El ejército de los Hunos, encabezado por el malvado Shun Yiu, quiere conquistar China. El emperador obliga a todos los varones a alistarse en el Ejército para proteger el imperio. Por otra parte, Mulán es una chica joven y valiente que vive en una aldea.', '0000-00-00 00:00:00', ''),
(7, '', 'mike', 'Mike Wazowski es un personaje de ficción que aparece en las película de Disney y Pixar Monsters, Inc., su precuela Monsters University, y la serie Monsters at Wor', 'Mike Wazowski es un personaje de ficción que aparece en las película de Disney y Pixar Monsters, Inc., su precuela Monsters University, y la serie Monsters at Wor', '0000-00-00 00:00:00', ''),
(8, '', 'anita la huerfanita', 'La huerfanita especial va a la casa de Daddy Warbucks, en esta adaptación de la tira cómica y el show de Broadway.', 'La huerfanita especial va a la casa de Daddy Warbucks, en esta adaptación de la tira cómica y el show de Broadway.', '0000-00-00 00:00:00', ''),
(9, '', 'Orange', 'Orange (オレンジ Orenji, lit. "Naranja") es un adaptación al anime del manga shōjo/josei de recuentos de la vida y romance escrita e ilustrada por Ichigo Takano y publicado por la revista Bessatsu Margaret y posteriormente en Monthly Action.', 'Orange (オレンジ Orenji, lit. "Naranja") es un adaptación al anime del manga shōjo/josei de recuentos de la vida y romance escrita e ilustrada por Ichigo Takano y publicado por la revista Bessatsu Margaret y posteriormente en Monthly Action.', '0000-00-00 00:00:00', ''),
(10, '', 'Como jubilarme porfa no aguanto mas', 'Se debe cumplir con el requisito de edad y años de servicios aportados. Para poder jubilarte en Argentina, se requiere una edad mínima (hombres 65 años y mujeres 60 años) y 30 años de servicios. \r\n\r\n¿Existe la posibilidad de jubilarme antes? Si, en el caso de regímenes especiales y diferenciales, o el caso del retiro por invalidez. Si tenés dudas, consultanos gratis.', 'Se debe cumplir con el requisito de edad y años de servicios aportados. Para poder jubilarte en Argentina, se requiere una edad mínima (hombres 65 años y mujeres 60 años) y 30 años de servicios. \r\n\r\n¿Existe la posibilidad de jubilarme antes? Si, en el caso de regímenes especiales y diferenciales, o el caso del retiro por invalidez. Si tenés dudas, consultanos gratis.', '0000-00-00 00:00:00', ''),
(11, '', 'estrella de mar', 'Los asteroideos o estrellas de mar son una clase del filo Echinodermata de simetría pentarradial, con cuerpo aplanado formado por un disco pentagonal con cinco brazos o más.​ El nombre «estrella de mar» se refiere esencialmente a los miembros de la clase Asteroidea.', 'Los asteroideos o estrellas de mar son una clase del filo Echinodermata de simetría pentarradial, con cuerpo aplanado formado por un disco pentagonal con cinco brazos o más.​ El nombre «estrella de mar» se refiere esencialmente a los miembros de la clase Asteroidea.', '0000-00-00 00:00:00', ''),
(12, '', 'barbie', 'Barbie es una marca de muñecas creada por la empresa estadounidense de juguetes Hub inc., formada en marzo de 1959. Barbie es la imagen principal de la marca de muñecas y accesorios Mattel, cuyos productos incluyen a otros miembros de su familia y muñecas de colección.', 'Barbie es una marca de muñecas creada por la empresa estadounidense de juguetes Hub inc., formada en marzo de 1959. Barbie es la imagen principal de la marca de muñecas y accesorios Mattel, cuyos productos incluyen a otros miembros de su familia y muñecas de colección.', '0000-00-00 00:00:00', ''),
(13, '', 'CIGUEÑA DE PICO ESPATULA NEGRA', 'Ave zancuda de gran tamaño (aprox. 93 cm) y envergadura (aprox. 135 cm) con el plumaje blanco. Inconfundible por su pico negro y largo con el extremo aplanado como si fuese una espátula. El extremo del pico presenta una mancha amarillenta que se hace más intensa en época reproductiva. Durante esta época los adultos exhiben también un penacho de plumas amarillo y un collar del mismo color en el pecho, más marcado en los machos. Patas largas y negras. En vuelo muestra una silueta con patas y cuello estirado, como las cigüeñas.', 'Ave zancuda de gran tamaño (aprox. 93 cm) y envergadura (aprox. 135 cm) con el plumaje blanco. Inconfundible por su pico negro y largo con el extremo aplanado como si fuese una espátula. El extremo del pico presenta una mancha amarillenta que se hace más intensa en época reproductiva. Durante esta época los adultos exhiben también un penacho de plumas amarillo y un collar del mismo color en el pecho, más marcado en los machos. Patas largas y negras. En vuelo muestra una silueta con patas y cuell', '0000-00-00 00:00:00', ''),
(14, '', 'Hormigas sociables', 'Las hormigas son insectos sociales, que viven en grupos muy numerosos. Se desarrollan a través de la metamorfosis; pasan de ser larvas, luego pupas y finalmente se convierten en hormigas adultas. Las hormigas viven en nidos llamados hormigueros.', 'Las hormigas son insectos sociales, que viven en grupos muy numerosos. Se desarrollan a través de la metamorfosis; pasan de ser larvas, luego pupas y finalmente se convierten en hormigas adultas. Las hormigas viven en nidos llamados hormigueros.', '0000-00-00 00:00:00', ''),
(15, '', 'La araña mas amigable del mundo', 'Se considera como la araña de mayor tamaño,2​ ya que puede alcanzar 28 o 30 cm entre los extremos de sus patas extendidas y pesar más de 100 gramos, siendo el peso máximo registrado de 155 gramos correspondientes a una hembra en cautividad.3​ Como otros miembros de su familia y de familias próximas, tienen el cuerpo peludo, y esos pelos, que son irritantes, actúan como método de defensa contra depredadores.', 'Se considera como la araña de mayor tamaño,2​ ya que puede alcanzar 28 o 30 cm entre los extremos de sus patas extendidas y pesar más de 100 gramos, siendo el peso máximo registrado de 155 gramos correspondientes a una hembra en cautividad.3​ Como otros miembros de su familia y de familias próximas, tienen el cuerpo peludo, y esos pelos, que son irritantes, actúan como método de defensa contra depredadores.', '0000-00-00 00:00:00', ''),
(16, '', 'Nemo', 'Amphiprioninae es una subfamilia de peces marinos de la familia Pomacentridae, que engloba únicamente a los géneros Amphiprion y Premnas, cuyos componentes son conocidos como peces payaso o peces de las anémonas.', 'Amphiprioninae es una subfamilia de peces marinos de la familia Pomacentridae, que engloba únicamente a los géneros Amphiprion y Premnas, cuyos componentes son conocidos como peces payaso o peces de las anémonas.', '0000-00-00 00:00:00', ''),
(51, 'JoaquinReyes', 'gjjhtrhhy', 'iiiiiiiiiiiiiiiiiiiii', 'kkkk', '2022-11-16 01:29:19', 0x4172726179),
(52, 'JoaquinReyes', 'gjjhtrhhy', '2222222222222222222', '3333333333333333333333', '2022-11-16 01:35:06', 0x4172726179);

-- --------------------------------------------------------

--
-- Estructura de tabla para la tabla `inscripciones`
--

CREATE TABLE IF NOT EXISTS `inscripciones` (
`id` int(10) unsigned NOT NULL,
  `nombre` varchar(25) NOT NULL,
  `apellido` varchar(25) NOT NULL,
  `edad` int(2) NOT NULL,
  `telefono` int(20) NOT NULL,
  `correo` varchar(25) NOT NULL,
  `genero` varchar(10) NOT NULL,
  `nacionalidad` varchar(20) NOT NULL,
  `dni` int(20) NOT NULL,
  `nacimiento` date DEFAULT NULL,
  `provincia_id` varchar(20) NOT NULL,
  `localidad_id` varchar(20) NOT NULL,
  `enfermedad/es` varchar(100) NOT NULL
) ENGINE=InnoDB DEFAULT CHARSET=utf8mb4;

-- --------------------------------------------------------

--
-- Estructura de tabla para la tabla `localidades`
--

CREATE TABLE IF NOT EXISTS `localidades` (
`id` int(11) NOT NULL,
  `id_privincia` int(11) NOT NULL,
  `localidad` varchar(255) NOT NULL
) ENGINE=MyISAM AUTO_INCREMENT=2383 DEFAULT CHARSET=latin1;

--
-- Volcado de datos para la tabla `localidades`
--

INSERT INTO `localidades` (`id`, `id_privincia`, `localidad`) VALUES
(1, 1, '25 de Mayo'),
(2, 1, '3 de febrero'),
(3, 1, 'A. Alsina'),
(4, 1, 'A. Gonzáles Cháves'),
(5, 1, 'Aguas Verdes'),
(6, 1, 'Alberti'),
(7, 1, 'Arrecifes'),
(8, 1, 'Ayacucho'),
(9, 1, 'Azul'),
(10, 1, 'Bahía Blanca'),
(11, 1, 'Balcarce'),
(12, 1, 'Baradero'),
(13, 1, 'Benito Juárez'),
(14, 1, 'Berisso'),
(15, 1, 'Bolívar'),
(16, 1, 'Bragado'),
(17, 1, 'Brandsen'),
(18, 1, 'Campana'),
(19, 1, 'Cañuelas'),
(20, 1, 'Capilla del Señor'),
(21, 1, 'Capitán Sarmiento'),
(22, 1, 'Carapachay'),
(23, 1, 'Carhue'),
(24, 1, 'Cariló'),
(25, 1, 'Carlos Casares'),
(26, 1, 'Carlos Tejedor'),
(27, 1, 'Carmen de Areco'),
(28, 1, 'Carmen de Patagones'),
(29, 1, 'Castelli'),
(30, 1, 'Chacabuco'),
(31, 1, 'Chascomús'),
(32, 1, 'Chivilcoy'),
(33, 1, 'Colón'),
(34, 1, 'Coronel Dorrego'),
(35, 1, 'Coronel Pringles'),
(36, 1, 'Coronel Rosales'),
(37, 1, 'Coronel Suarez'),
(38, 1, 'Costa Azul'),
(39, 1, 'Costa Chica'),
(40, 1, 'Costa del Este'),
(41, 1, 'Costa Esmeralda'),
(42, 1, 'Daireaux'),
(43, 1, 'Darregueira'),
(44, 1, 'Del Viso'),
(45, 1, 'Dolores'),
(46, 1, 'Don Torcuato'),
(47, 1, 'Ensenada'),
(48, 1, 'Escobar'),
(49, 1, 'Exaltación de la Cruz'),
(50, 1, 'Florentino Ameghino'),
(51, 1, 'Garín'),
(52, 1, 'Gral. Alvarado'),
(53, 1, 'Gral. Alvear'),
(54, 1, 'Gral. Arenales'),
(55, 1, 'Gral. Belgrano'),
(56, 1, 'Gral. Guido'),
(57, 1, 'Gral. Lamadrid'),
(58, 1, 'Gral. Las Heras'),
(59, 1, 'Gral. Lavalle'),
(60, 1, 'Gral. Madariaga'),
(61, 1, 'Gral. Pacheco'),
(62, 1, 'Gral. Paz'),
(63, 1, 'Gral. Pinto'),
(64, 1, 'Gral. Pueyrredón'),
(65, 1, 'Gral. Rodríguez'),
(66, 1, 'Gral. Viamonte'),
(67, 1, 'Gral. Villegas'),
(68, 1, 'Guaminí'),
(69, 1, 'Guernica'),
(70, 1, 'Hipólito Yrigoyen'),
(71, 1, 'Ing. Maschwitz'),
(72, 1, 'Junín'),
(73, 1, 'La Plata'),
(74, 1, 'Laprida'),
(75, 1, 'Las Flores'),
(76, 1, 'Las Toninas'),
(77, 1, 'Leandro N. Alem'),
(78, 1, 'Lincoln'),
(79, 1, 'Loberia'),
(80, 1, 'Lobos'),
(81, 1, 'Los Cardales'),
(82, 1, 'Los Toldos'),
(83, 1, 'Lucila del Mar'),
(84, 1, 'Luján'),
(85, 1, 'Magdalena'),
(86, 1, 'Maipú'),
(87, 1, 'Mar Chiquita'),
(88, 1, 'Mar de Ajó'),
(89, 1, 'Mar de las Pampas'),
(90, 1, 'Mar del Plata'),
(91, 1, 'Mar del Tuyú'),
(92, 1, 'Marcos Paz'),
(93, 1, 'Mercedes'),
(94, 1, 'Miramar'),
(95, 1, 'Monte'),
(96, 1, 'Monte Hermoso'),
(97, 1, 'Munro'),
(98, 1, 'Navarro'),
(99, 1, 'Necochea'),
(100, 1, 'Olavarría'),
(101, 1, 'Partido de la Costa'),
(102, 1, 'Pehuajó'),
(103, 1, 'Pellegrini'),
(104, 1, 'Pergamino'),
(105, 1, 'Pigüé'),
(106, 1, 'Pila'),
(107, 1, 'Pilar'),
(108, 1, 'Pinamar'),
(109, 1, 'Pinar del Sol'),
(110, 1, 'Polvorines'),
(111, 1, 'Pte. Perón'),
(112, 1, 'Puán'),
(113, 1, 'Punta Indio'),
(114, 1, 'Ramallo'),
(115, 1, 'Rauch'),
(116, 1, 'Rivadavia'),
(117, 1, 'Rojas'),
(118, 1, 'Roque Pérez'),
(119, 1, 'Saavedra'),
(120, 1, 'Saladillo'),
(121, 1, 'Salliqueló'),
(122, 1, 'Salto'),
(123, 1, 'San Andrés de Giles'),
(124, 1, 'San Antonio de Areco'),
(125, 1, 'San Antonio de Padua'),
(126, 1, 'San Bernardo'),
(127, 1, 'San Cayetano'),
(128, 1, 'San Clemente del Tuyú'),
(129, 1, 'San Nicolás'),
(130, 1, 'San Pedro'),
(131, 1, 'San Vicente'),
(132, 1, 'Santa Teresita'),
(133, 1, 'Suipacha'),
(134, 1, 'Tandil'),
(135, 1, 'Tapalqué'),
(136, 1, 'Tordillo'),
(137, 1, 'Tornquist'),
(138, 1, 'Trenque Lauquen'),
(139, 1, 'Tres Lomas'),
(140, 1, 'Villa Gesell'),
(141, 1, 'Villarino'),
(142, 1, 'Zárate'),
(143, 2, '11 de Septiembre'),
(144, 2, '20 de Junio'),
(145, 2, '25 de Mayo'),
(146, 2, 'Acassuso'),
(147, 2, 'Adrogué'),
(148, 2, 'Aldo Bonzi'),
(149, 2, 'Área Reserva Cinturón Ecológico'),
(150, 2, 'Avellaneda'),
(151, 2, 'Banfield'),
(152, 2, 'Barrio Parque'),
(153, 2, 'Barrio Santa Teresita'),
(154, 2, 'Beccar'),
(155, 2, 'Bella Vista'),
(156, 2, 'Berazategui'),
(157, 2, 'Bernal Este'),
(158, 2, 'Bernal Oeste'),
(159, 2, 'Billinghurst'),
(160, 2, 'Boulogne'),
(161, 2, 'Burzaco'),
(162, 2, 'Carapachay'),
(163, 2, 'Caseros'),
(164, 2, 'Castelar'),
(165, 2, 'Churruca'),
(166, 2, 'Ciudad Evita'),
(167, 2, 'Ciudad Madero'),
(168, 2, 'Ciudadela'),
(169, 2, 'Claypole'),
(170, 2, 'Crucecita'),
(171, 2, 'Dock Sud'),
(172, 2, 'Don Bosco'),
(173, 2, 'Don Orione'),
(174, 2, 'El Jagüel'),
(175, 2, 'El Libertador'),
(176, 2, 'El Palomar'),
(177, 2, 'El Tala'),
(178, 2, 'El Trébol'),
(179, 2, 'Ezeiza'),
(180, 2, 'Ezpeleta'),
(181, 2, 'Florencio Varela'),
(182, 2, 'Florida'),
(183, 2, 'Francisco Álvarez'),
(184, 2, 'Gerli'),
(185, 2, 'Glew'),
(186, 2, 'González Catán'),
(187, 2, 'Gral. Lamadrid'),
(188, 2, 'Grand Bourg'),
(189, 2, 'Gregorio de Laferrere'),
(190, 2, 'Guillermo Enrique Hudson'),
(191, 2, 'Haedo'),
(192, 2, 'Hurlingham'),
(193, 2, 'Ing. Sourdeaux'),
(194, 2, 'Isidro Casanova'),
(195, 2, 'Ituzaingó'),
(196, 2, 'José C. Paz'),
(197, 2, 'José Ingenieros'),
(198, 2, 'José Marmol'),
(199, 2, 'La Lucila'),
(200, 2, 'La Reja'),
(201, 2, 'La Tablada'),
(202, 2, 'Lanús'),
(203, 2, 'Llavallol'),
(204, 2, 'Loma Hermosa'),
(205, 2, 'Lomas de Zamora'),
(206, 2, 'Lomas del Millón'),
(207, 2, 'Lomas del Mirador'),
(208, 2, 'Longchamps'),
(209, 2, 'Los Polvorines'),
(210, 2, 'Luis Guillón'),
(211, 2, 'Malvinas Argentinas'),
(212, 2, 'Martín Coronado'),
(213, 2, 'Martínez'),
(214, 2, 'Merlo'),
(215, 2, 'Ministro Rivadavia'),
(216, 2, 'Monte Chingolo'),
(217, 2, 'Monte Grande'),
(218, 2, 'Moreno'),
(219, 2, 'Morón'),
(220, 2, 'Muñiz'),
(221, 2, 'Olivos'),
(222, 2, 'Pablo Nogués'),
(223, 2, 'Pablo Podestá'),
(224, 2, 'Paso del Rey'),
(225, 2, 'Pereyra'),
(226, 2, 'Piñeiro'),
(227, 2, 'Plátanos'),
(228, 2, 'Pontevedra'),
(229, 2, 'Quilmes'),
(230, 2, 'Rafael Calzada'),
(231, 2, 'Rafael Castillo'),
(232, 2, 'Ramos Mejía'),
(233, 2, 'Ranelagh'),
(234, 2, 'Remedios de Escalada'),
(235, 2, 'Sáenz Peña'),
(236, 2, 'San Antonio de Padua'),
(237, 2, 'San Fernando'),
(238, 2, 'San Francisco Solano'),
(239, 2, 'San Isidro'),
(240, 2, 'San José'),
(241, 2, 'San Justo'),
(242, 2, 'San Martín'),
(243, 2, 'San Miguel'),
(244, 2, 'Santos Lugares'),
(245, 2, 'Sarandí'),
(246, 2, 'Sourigues'),
(247, 2, 'Tapiales'),
(248, 2, 'Temperley'),
(249, 2, 'Tigre'),
(250, 2, 'Tortuguitas'),
(251, 2, 'Tristán Suárez'),
(252, 2, 'Trujui'),
(253, 2, 'Turdera'),
(254, 2, 'Valentín Alsina'),
(255, 2, 'Vicente López'),
(256, 2, 'Villa Adelina'),
(257, 2, 'Villa Ballester'),
(258, 2, 'Villa Bosch'),
(259, 2, 'Villa Caraza'),
(260, 2, 'Villa Celina'),
(261, 2, 'Villa Centenario'),
(262, 2, 'Villa de Mayo'),
(263, 2, 'Villa Diamante'),
(264, 2, 'Villa Domínico'),
(265, 2, 'Villa España'),
(266, 2, 'Villa Fiorito'),
(267, 2, 'Villa Guillermina'),
(268, 2, 'Villa Insuperable'),
(269, 2, 'Villa José León Suárez'),
(270, 2, 'Villa La Florida'),
(271, 2, 'Villa Luzuriaga'),
(272, 2, 'Villa Martelli'),
(273, 2, 'Villa Obrera'),
(274, 2, 'Villa Progreso'),
(275, 2, 'Villa Raffo'),
(276, 2, 'Villa Sarmiento'),
(277, 2, 'Villa Tesei'),
(278, 2, 'Villa Udaondo'),
(279, 2, 'Virrey del Pino'),
(280, 2, 'Wilde'),
(281, 2, 'William Morris'),
(282, 3, 'Agronomía'),
(283, 3, 'Almagro'),
(284, 3, 'Balvanera'),
(285, 3, 'Barracas'),
(286, 3, 'Belgrano'),
(287, 3, 'Boca'),
(288, 3, 'Boedo'),
(289, 3, 'Caballito'),
(290, 3, 'Chacarita'),
(291, 3, 'Coghlan'),
(292, 3, 'Colegiales'),
(293, 3, 'Constitución'),
(294, 3, 'Flores'),
(295, 3, 'Floresta'),
(296, 3, 'La Paternal'),
(297, 3, 'Liniers'),
(298, 3, 'Mataderos'),
(299, 3, 'Monserrat'),
(300, 3, 'Monte Castro'),
(301, 3, 'Nueva Pompeya'),
(302, 3, 'Núñez'),
(303, 3, 'Palermo'),
(304, 3, 'Parque Avellaneda'),
(305, 3, 'Parque Chacabuco'),
(306, 3, 'Parque Chas'),
(307, 3, 'Parque Patricios'),
(308, 3, 'Puerto Madero'),
(309, 3, 'Recoleta'),
(310, 3, 'Retiro'),
(311, 3, 'Saavedra'),
(312, 3, 'San Cristóbal'),
(313, 3, 'San Nicolás'),
(314, 3, 'San Telmo'),
(315, 3, 'Vélez Sársfield'),
(316, 3, 'Versalles'),
(317, 3, 'Villa Crespo'),
(318, 3, 'Villa del Parque'),
(319, 3, 'Villa Devoto'),
(320, 3, 'Villa Gral. Mitre'),
(321, 3, 'Villa Lugano'),
(322, 3, 'Villa Luro'),
(323, 3, 'Villa Ortúzar'),
(324, 3, 'Villa Pueyrredón'),
(325, 3, 'Villa Real'),
(326, 3, 'Villa Riachuelo'),
(327, 3, 'Villa Santa Rita'),
(328, 3, 'Villa Soldati'),
(329, 3, 'Villa Urquiza'),
(330, 4, 'Aconquija'),
(331, 4, 'Ancasti'),
(332, 4, 'Andalgalá'),
(333, 4, 'Antofagasta'),
(334, 4, 'Belén'),
(335, 4, 'Capayán'),
(336, 4, 'Capital'),
(337, 4, '4'),
(338, 4, 'Corral Quemado'),
(339, 4, 'El Alto'),
(340, 4, 'El Rodeo'),
(341, 4, 'F.Mamerto Esquiú'),
(342, 4, 'Fiambalá'),
(343, 4, 'Hualfín'),
(344, 4, 'Huillapima'),
(345, 4, 'Icaño'),
(346, 4, 'La Puerta'),
(347, 4, 'Las Juntas'),
(348, 4, 'Londres'),
(349, 4, 'Los Altos'),
(350, 4, 'Los Varela'),
(351, 4, 'Mutquín'),
(352, 4, 'Paclín'),
(353, 4, 'Poman'),
(354, 4, 'Pozo de La Piedra'),
(355, 4, 'Puerta de Corral'),
(356, 4, 'Puerta San José'),
(357, 4, 'Recreo'),
(358, 4, 'S.F.V de 4'),
(359, 4, 'San Fernando'),
(360, 4, 'San Fernando del Valle'),
(361, 4, 'San José'),
(362, 4, 'Santa María'),
(363, 4, 'Santa Rosa'),
(364, 4, 'Saujil'),
(365, 4, 'Tapso'),
(366, 4, 'Tinogasta'),
(367, 4, 'Valle Viejo'),
(368, 4, 'Villa Vil'),
(369, 5, 'Aviá Teraí'),
(370, 5, 'Barranqueras'),
(371, 5, 'Basail'),
(372, 5, 'Campo Largo'),
(373, 5, 'Capital'),
(374, 5, 'Capitán Solari'),
(375, 5, 'Charadai'),
(376, 5, 'Charata'),
(377, 5, 'Chorotis'),
(378, 5, 'Ciervo Petiso'),
(379, 5, 'Cnel. Du Graty'),
(380, 5, 'Col. Benítez'),
(381, 5, 'Col. Elisa'),
(382, 5, 'Col. Popular'),
(383, 5, 'Colonias Unidas'),
(384, 5, 'Concepción'),
(385, 5, 'Corzuela'),
(386, 5, 'Cote Lai'),
(387, 5, 'El Sauzalito'),
(388, 5, 'Enrique Urien'),
(389, 5, 'Fontana'),
(390, 5, 'Fte. Esperanza'),
(391, 5, 'Gancedo'),
(392, 5, 'Gral. Capdevila'),
(393, 5, 'Gral. Pinero'),
(394, 5, 'Gral. San Martín'),
(395, 5, 'Gral. Vedia'),
(396, 5, 'Hermoso Campo'),
(397, 5, 'I. del Cerrito'),
(398, 5, 'J.J. Castelli'),
(399, 5, 'La Clotilde'),
(400, 5, 'La Eduvigis'),
(401, 5, 'La Escondida'),
(402, 5, 'La Leonesa'),
(403, 5, 'La Tigra'),
(404, 5, 'La Verde'),
(405, 5, 'Laguna Blanca'),
(406, 5, 'Laguna Limpia'),
(407, 5, 'Lapachito'),
(408, 5, 'Las Breñas'),
(409, 5, 'Las Garcitas'),
(410, 5, 'Las Palmas'),
(411, 5, 'Los Frentones'),
(412, 5, 'Machagai'),
(413, 5, 'Makallé'),
(414, 5, 'Margarita Belén'),
(415, 5, 'Miraflores'),
(416, 5, 'Misión N. Pompeya'),
(417, 5, 'Napenay'),
(418, 5, 'Pampa Almirón'),
(419, 5, 'Pampa del Indio'),
(420, 5, 'Pampa del Infierno'),
(421, 5, 'Pdcia. de La Plaza'),
(422, 5, 'Pdcia. Roca'),
(423, 5, 'Pdcia. Roque Sáenz Peña'),
(424, 5, 'Pto. Bermejo'),
(425, 5, 'Pto. Eva Perón'),
(426, 5, 'Puero Tirol'),
(427, 5, 'Puerto Vilelas'),
(428, 5, 'Quitilipi'),
(429, 5, 'Resistencia'),
(430, 5, 'Sáenz Peña'),
(431, 5, 'Samuhú'),
(432, 5, 'San Bernardo'),
(433, 5, 'Santa Sylvina'),
(434, 5, 'Taco Pozo'),
(435, 5, 'Tres Isletas'),
(436, 5, 'Villa Ángela'),
(437, 5, 'Villa Berthet'),
(438, 5, 'Villa R. Bermejito'),
(439, 6, 'Aldea Apeleg'),
(440, 6, 'Aldea Beleiro'),
(441, 6, 'Aldea Epulef'),
(442, 6, 'Alto Río Sengerr'),
(443, 6, 'Buen Pasto'),
(444, 6, 'Camarones'),
(445, 6, 'Carrenleufú'),
(446, 6, 'Cholila'),
(447, 6, 'Co. Centinela'),
(448, 6, 'Colan Conhué'),
(449, 6, 'Comodoro Rivadavia'),
(450, 6, 'Corcovado'),
(451, 6, 'Cushamen'),
(452, 6, 'Dique F. Ameghino'),
(453, 6, 'Dolavón'),
(454, 6, 'Dr. R. Rojas'),
(455, 6, 'El Hoyo'),
(456, 6, 'El Maitén'),
(457, 6, 'Epuyén'),
(458, 6, 'Esquel'),
(459, 6, 'Facundo'),
(460, 6, 'Gaimán'),
(461, 6, 'Gan Gan'),
(462, 6, 'Gastre'),
(463, 6, 'Gdor. Costa'),
(464, 6, 'Gualjaina'),
(465, 6, 'J. de San Martín'),
(466, 6, 'Lago Blanco'),
(467, 6, 'Lago Puelo'),
(468, 6, 'Lagunita Salada'),
(469, 6, 'Las Plumas'),
(470, 6, 'Los Altares'),
(471, 6, 'Paso de los Indios'),
(472, 6, 'Paso del Sapo'),
(473, 6, 'Pto. Madryn'),
(474, 6, 'Pto. Pirámides'),
(475, 6, 'Rada Tilly'),
(476, 6, 'Rawson'),
(477, 6, 'Río Mayo'),
(478, 6, 'Río Pico'),
(479, 6, 'Sarmiento'),
(480, 6, 'Tecka'),
(481, 6, 'Telsen'),
(482, 6, 'Trelew'),
(483, 6, 'Trevelin'),
(484, 6, 'Veintiocho de Julio'),
(485, 7, 'Achiras'),
(486, 7, 'Adelia Maria'),
(487, 7, 'Agua de Oro'),
(488, 7, 'Alcira Gigena'),
(489, 7, 'Aldea Santa Maria'),
(490, 7, 'Alejandro Roca'),
(491, 7, 'Alejo Ledesma'),
(492, 7, 'Alicia'),
(493, 7, 'Almafuerte'),
(494, 7, 'Alpa Corral'),
(495, 7, 'Alta Gracia'),
(496, 7, 'Alto Alegre'),
(497, 7, 'Alto de Los Quebrachos'),
(498, 7, 'Altos de Chipion'),
(499, 7, 'Amboy'),
(500, 7, 'Ambul'),
(501, 7, 'Ana Zumaran'),
(502, 7, 'Anisacate'),
(503, 7, 'Arguello'),
(504, 7, 'Arias'),
(505, 7, 'Arroyito'),
(506, 7, 'Arroyo Algodon'),
(507, 7, 'Arroyo Cabral'),
(508, 7, 'Arroyo Los Patos'),
(509, 7, 'Assunta'),
(510, 7, 'Atahona'),
(511, 7, 'Ausonia'),
(512, 7, 'Avellaneda'),
(513, 7, 'Ballesteros'),
(514, 7, 'Ballesteros Sud'),
(515, 7, 'Balnearia'),
(516, 7, 'Bañado de Soto'),
(517, 7, 'Bell Ville'),
(518, 7, 'Bengolea'),
(519, 7, 'Benjamin Gould'),
(520, 7, 'Berrotaran'),
(521, 7, 'Bialet Masse'),
(522, 7, 'Bouwer'),
(523, 7, 'Brinkmann'),
(524, 7, 'Buchardo'),
(525, 7, 'Bulnes'),
(526, 7, 'Cabalango'),
(527, 7, 'Calamuchita'),
(528, 7, 'Calchin'),
(529, 7, 'Calchin Oeste'),
(530, 7, 'Calmayo'),
(531, 7, 'Camilo Aldao'),
(532, 7, 'Caminiaga'),
(533, 7, 'Cañada de Luque'),
(534, 7, 'Cañada de Machado'),
(535, 7, 'Cañada de Rio Pinto'),
(536, 7, 'Cañada del Sauce'),
(537, 7, 'Canals'),
(538, 7, 'Candelaria Sud'),
(539, 7, 'Capilla de Remedios'),
(540, 7, 'Capilla de Siton'),
(541, 7, 'Capilla del Carmen'),
(542, 7, 'Capilla del Monte'),
(543, 7, 'Capital'),
(544, 7, 'Capitan Gral B. O´Higgins'),
(545, 7, 'Carnerillo'),
(546, 7, 'Carrilobo'),
(547, 7, 'Casa Grande'),
(548, 7, 'Cavanagh'),
(549, 7, 'Cerro Colorado'),
(550, 7, 'Chaján'),
(551, 7, 'Chalacea'),
(552, 7, 'Chañar Viejo'),
(553, 7, 'Chancaní'),
(554, 7, 'Charbonier'),
(555, 7, 'Charras'),
(556, 7, 'Chazón'),
(557, 7, 'Chilibroste'),
(558, 7, 'Chucul'),
(559, 7, 'Chuña'),
(560, 7, 'Chuña Huasi'),
(561, 7, 'Churqui Cañada'),
(562, 7, 'Cienaga Del Coro'),
(563, 7, 'Cintra'),
(564, 7, 'Col. Almada'),
(565, 7, 'Col. Anita'),
(566, 7, 'Col. Barge'),
(567, 7, 'Col. Bismark'),
(568, 7, 'Col. Bremen'),
(569, 7, 'Col. Caroya'),
(570, 7, 'Col. Italiana'),
(571, 7, 'Col. Iturraspe'),
(572, 7, 'Col. Las Cuatro Esquinas'),
(573, 7, 'Col. Las Pichanas'),
(574, 7, 'Col. Marina'),
(575, 7, 'Col. Prosperidad'),
(576, 7, 'Col. San Bartolome'),
(577, 7, 'Col. San Pedro'),
(578, 7, 'Col. Tirolesa'),
(579, 7, 'Col. Vicente Aguero'),
(580, 7, 'Col. Videla'),
(581, 7, 'Col. Vignaud'),
(582, 7, 'Col. Waltelina'),
(583, 7, 'Colazo'),
(584, 7, 'Comechingones'),
(585, 7, 'Conlara'),
(586, 7, 'Copacabana'),
(587, 7, '7'),
(588, 7, 'Coronel Baigorria'),
(589, 7, 'Coronel Moldes'),
(590, 7, 'Corral de Bustos'),
(591, 7, 'Corralito'),
(592, 7, 'Cosquín'),
(593, 7, 'Costa Sacate'),
(594, 7, 'Cruz Alta'),
(595, 7, 'Cruz de Caña'),
(596, 7, 'Cruz del Eje'),
(597, 7, 'Cuesta Blanca'),
(598, 7, 'Dean Funes'),
(599, 7, 'Del Campillo'),
(600, 7, 'Despeñaderos'),
(601, 7, 'Devoto'),
(602, 7, 'Diego de Rojas'),
(603, 7, 'Dique Chico'),
(604, 7, 'El Arañado'),
(605, 7, 'El Brete'),
(606, 7, 'El Chacho'),
(607, 7, 'El Crispín'),
(608, 7, 'El Fortín'),
(609, 7, 'El Manzano'),
(610, 7, 'El Rastreador'),
(611, 7, 'El Rodeo'),
(612, 7, 'El Tío'),
(613, 7, 'Elena'),
(614, 7, 'Embalse'),
(615, 7, 'Esquina'),
(616, 7, 'Estación Gral. Paz'),
(617, 7, 'Estación Juárez Celman'),
(618, 7, 'Estancia de Guadalupe'),
(619, 7, 'Estancia Vieja'),
(620, 7, 'Etruria'),
(621, 7, 'Eufrasio Loza'),
(622, 7, 'Falda del Carmen'),
(623, 7, 'Freyre'),
(624, 7, 'Gral. Baldissera'),
(625, 7, 'Gral. Cabrera'),
(626, 7, 'Gral. Deheza'),
(627, 7, 'Gral. Fotheringham'),
(628, 7, 'Gral. Levalle'),
(629, 7, 'Gral. Roca'),
(630, 7, 'Guanaco Muerto'),
(631, 7, 'Guasapampa'),
(632, 7, 'Guatimozin'),
(633, 7, 'Gutenberg'),
(634, 7, 'Hernando'),
(635, 7, 'Huanchillas'),
(636, 7, 'Huerta Grande'),
(637, 7, 'Huinca Renanco'),
(638, 7, 'Idiazabal'),
(639, 7, 'Impira'),
(640, 7, 'Inriville'),
(641, 7, 'Isla Verde'),
(642, 7, 'Italó'),
(643, 7, 'James Craik'),
(644, 7, 'Jesús María'),
(645, 7, 'Jovita'),
(646, 7, 'Justiniano Posse'),
(647, 7, 'Km 658'),
(648, 7, 'L. V. Mansilla'),
(649, 7, 'La Batea'),
(650, 7, 'La Calera'),
(651, 7, 'La Carlota'),
(652, 7, 'La Carolina'),
(653, 7, 'La Cautiva'),
(654, 7, 'La Cesira'),
(655, 7, 'La Cruz'),
(656, 7, 'La Cumbre'),
(657, 7, 'La Cumbrecita'),
(658, 7, 'La Falda'),
(659, 7, 'La Francia'),
(660, 7, 'La Granja'),
(661, 7, 'La Higuera'),
(662, 7, 'La Laguna'),
(663, 7, 'La Paisanita'),
(664, 7, 'La Palestina'),
(665, 7, '12'),
(666, 7, 'La Paquita'),
(667, 7, 'La Para'),
(668, 7, 'La Paz'),
(669, 7, 'La Playa'),
(670, 7, 'La Playosa'),
(671, 7, 'La Población'),
(672, 7, 'La Posta'),
(673, 7, 'La Puerta'),
(674, 7, 'La Quinta'),
(675, 7, 'La Rancherita'),
(676, 7, 'La Rinconada'),
(677, 7, 'La Serranita'),
(678, 7, 'La Tordilla'),
(679, 7, 'Laborde'),
(680, 7, 'Laboulaye'),
(681, 7, 'Laguna Larga'),
(682, 7, 'Las Acequias'),
(683, 7, 'Las Albahacas'),
(684, 7, 'Las Arrias'),
(685, 7, 'Las Bajadas'),
(686, 7, 'Las Caleras'),
(687, 7, 'Las Calles'),
(688, 7, 'Las Cañadas'),
(689, 7, 'Las Gramillas'),
(690, 7, 'Las Higueras'),
(691, 7, 'Las Isletillas'),
(692, 7, 'Las Junturas'),
(693, 7, 'Las Palmas'),
(694, 7, 'Las Peñas'),
(695, 7, 'Las Peñas Sud'),
(696, 7, 'Las Perdices'),
(697, 7, 'Las Playas'),
(698, 7, 'Las Rabonas'),
(699, 7, 'Las Saladas'),
(700, 7, 'Las Tapias'),
(701, 7, 'Las Varas'),
(702, 7, 'Las Varillas'),
(703, 7, 'Las Vertientes'),
(704, 7, 'Leguizamón'),
(705, 7, 'Leones'),
(706, 7, 'Los Cedros'),
(707, 7, 'Los Cerrillos'),
(708, 7, 'Los Chañaritos (C.E)'),
(709, 7, 'Los Chanaritos (R.S)'),
(710, 7, 'Los Cisnes'),
(711, 7, 'Los Cocos'),
(712, 7, 'Los Cóndores'),
(713, 7, 'Los Hornillos'),
(714, 7, 'Los Hoyos'),
(715, 7, 'Los Mistoles'),
(716, 7, 'Los Molinos'),
(717, 7, 'Los Pozos'),
(718, 7, 'Los Reartes'),
(719, 7, 'Los Surgentes'),
(720, 7, 'Los Talares'),
(721, 7, 'Los Zorros'),
(722, 7, 'Lozada'),
(723, 7, 'Luca'),
(724, 7, 'Luque'),
(725, 7, 'Luyaba'),
(726, 7, 'Malagueño'),
(727, 7, 'Malena'),
(728, 7, 'Malvinas Argentinas'),
(729, 7, 'Manfredi'),
(730, 7, 'Maquinista Gallini'),
(731, 7, 'Marcos Juárez'),
(732, 7, 'Marull'),
(733, 7, 'Matorrales'),
(734, 7, 'Mattaldi'),
(735, 7, 'Mayu Sumaj'),
(736, 7, 'Media Naranja'),
(737, 7, 'Melo'),
(738, 7, 'Mendiolaza'),
(739, 7, 'Mi Granja'),
(740, 7, 'Mina Clavero'),
(741, 7, 'Miramar'),
(742, 7, 'Morrison'),
(743, 7, 'Morteros'),
(744, 7, 'Mte. Buey'),
(745, 7, 'Mte. Cristo'),
(746, 7, 'Mte. De Los Gauchos'),
(747, 7, 'Mte. Leña'),
(748, 7, 'Mte. Maíz'),
(749, 7, 'Mte. Ralo'),
(750, 7, 'Nicolás Bruzone'),
(751, 7, 'Noetinger'),
(752, 7, 'Nono'),
(753, 7, 'Nueva 7'),
(754, 7, 'Obispo Trejo'),
(755, 7, 'Olaeta'),
(756, 7, 'Oliva'),
(757, 7, 'Olivares San Nicolás'),
(758, 7, 'Onagolty'),
(759, 7, 'Oncativo'),
(760, 7, 'Ordoñez'),
(761, 7, 'Pacheco De Melo'),
(762, 7, 'Pampayasta N.'),
(763, 7, 'Pampayasta S.'),
(764, 7, 'Panaholma'),
(765, 7, 'Pascanas'),
(766, 7, 'Pasco'),
(767, 7, 'Paso del Durazno'),
(768, 7, 'Paso Viejo'),
(769, 7, 'Pilar'),
(770, 7, 'Pincén'),
(771, 7, 'Piquillín'),
(772, 7, 'Plaza de Mercedes'),
(773, 7, 'Plaza Luxardo'),
(774, 7, 'Porteña'),
(775, 7, 'Potrero de Garay'),
(776, 7, 'Pozo del Molle'),
(777, 7, 'Pozo Nuevo'),
(778, 7, 'Pueblo Italiano'),
(779, 7, 'Puesto de Castro'),
(780, 7, 'Punta del Agua'),
(781, 7, 'Quebracho Herrado'),
(782, 7, 'Quilino'),
(783, 7, 'Rafael García'),
(784, 7, 'Ranqueles'),
(785, 7, 'Rayo Cortado'),
(786, 7, 'Reducción'),
(787, 7, 'Rincón'),
(788, 7, 'Río Bamba'),
(789, 7, 'Río Ceballos'),
(790, 7, 'Río Cuarto'),
(791, 7, 'Río de Los Sauces'),
(792, 7, 'Río Primero'),
(793, 7, 'Río Segundo'),
(794, 7, 'Río Tercero'),
(795, 7, 'Rosales'),
(796, 7, 'Rosario del Saladillo'),
(797, 7, 'Sacanta'),
(798, 7, 'Sagrada Familia'),
(799, 7, 'Saira'),
(800, 7, 'Saladillo'),
(801, 7, 'Saldán'),
(802, 7, 'Salsacate'),
(803, 7, 'Salsipuedes'),
(804, 7, 'Sampacho'),
(805, 7, 'San Agustín'),
(806, 7, 'San Antonio de Arredondo'),
(807, 7, 'San Antonio de Litín'),
(808, 7, 'San Basilio'),
(809, 7, 'San Carlos Minas'),
(810, 7, 'San Clemente'),
(811, 7, 'San Esteban'),
(812, 7, 'San Francisco'),
(813, 7, 'San Ignacio'),
(814, 7, 'San Javier'),
(815, 7, 'San Jerónimo'),
(816, 7, 'San Joaquín'),
(817, 7, 'San José de La Dormida'),
(818, 7, 'San José de Las Salinas'),
(819, 7, 'San Lorenzo'),
(820, 7, 'San Marcos Sierras'),
(821, 7, 'San Marcos Sud'),
(822, 7, 'San Pedro'),
(823, 7, 'San Pedro N.'),
(824, 7, 'San Roque'),
(825, 7, 'San Vicente'),
(826, 7, 'Santa Catalina'),
(827, 7, 'Santa Elena'),
(828, 7, 'Santa Eufemia'),
(829, 7, 'Santa Maria'),
(830, 7, 'Sarmiento'),
(831, 7, 'Saturnino M.Laspiur'),
(832, 7, 'Sauce Arriba'),
(833, 7, 'Sebastián Elcano'),
(834, 7, 'Seeber'),
(835, 7, 'Segunda Usina'),
(836, 7, 'Serrano'),
(837, 7, 'Serrezuela'),
(838, 7, 'Sgo. Temple'),
(839, 7, 'Silvio Pellico'),
(840, 7, 'Simbolar'),
(841, 7, 'Sinsacate'),
(842, 7, 'Sta. Rosa de Calamuchita'),
(843, 7, 'Sta. Rosa de Río Primero'),
(844, 7, 'Suco'),
(845, 7, 'Tala Cañada'),
(846, 7, 'Tala Huasi'),
(847, 7, 'Talaini'),
(848, 7, 'Tancacha'),
(849, 7, 'Tanti'),
(850, 7, 'Ticino'),
(851, 7, 'Tinoco'),
(852, 7, 'Tío Pujio'),
(853, 7, 'Toledo'),
(854, 7, 'Toro Pujio'),
(855, 7, 'Tosno'),
(856, 7, 'Tosquita'),
(857, 7, 'Tránsito'),
(858, 7, 'Tuclame'),
(859, 7, 'Tutti'),
(860, 7, 'Ucacha'),
(861, 7, 'Unquillo'),
(862, 7, 'Valle de Anisacate'),
(863, 7, 'Valle Hermoso'),
(864, 7, 'Vélez Sarfield'),
(865, 7, 'Viamonte'),
(866, 7, 'Vicuña Mackenna'),
(867, 7, 'Villa Allende'),
(868, 7, 'Villa Amancay'),
(869, 7, 'Villa Ascasubi'),
(870, 7, 'Villa Candelaria N.'),
(871, 7, 'Villa Carlos Paz'),
(872, 7, 'Villa Cerro Azul'),
(873, 7, 'Villa Ciudad de América'),
(874, 7, 'Villa Ciudad Pque Los Reartes'),
(875, 7, 'Villa Concepción del Tío'),
(876, 7, 'Villa Cura Brochero'),
(877, 7, 'Villa de Las Rosas'),
(878, 7, 'Villa de María'),
(879, 7, 'Villa de Pocho'),
(880, 7, 'Villa de Soto'),
(881, 7, 'Villa del Dique'),
(882, 7, 'Villa del Prado'),
(883, 7, 'Villa del Rosario'),
(884, 7, 'Villa del Totoral'),
(885, 7, 'Villa Dolores'),
(886, 7, 'Villa El Chancay'),
(887, 7, 'Villa Elisa'),
(888, 7, 'Villa Flor Serrana'),
(889, 7, 'Villa Fontana'),
(890, 7, 'Villa Giardino'),
(891, 7, 'Villa Gral. Belgrano'),
(892, 7, 'Villa Gutierrez'),
(893, 7, 'Villa Huidobro'),
(894, 7, 'Villa La Bolsa'),
(895, 7, 'Villa Los Aromos'),
(896, 7, 'Villa Los Patos'),
(897, 7, 'Villa María'),
(898, 7, 'Villa Nueva'),
(899, 7, 'Villa Pque. Santa Ana'),
(900, 7, 'Villa Pque. Siquiman'),
(901, 7, 'Villa Quillinzo'),
(902, 7, 'Villa Rossi'),
(903, 7, 'Villa Rumipal'),
(904, 7, 'Villa San Esteban'),
(905, 7, 'Villa San Isidro'),
(906, 7, 'Villa 21'),
(907, 7, 'Villa Sarmiento (G.R)'),
(908, 7, 'Villa Sarmiento (S.A)'),
(909, 7, 'Villa Tulumba'),
(910, 7, 'Villa Valeria'),
(911, 7, 'Villa Yacanto'),
(912, 7, 'Washington'),
(913, 7, 'Wenceslao Escalante'),
(914, 7, 'Ycho Cruz Sierras'),
(915, 8, 'Alvear'),
(916, 8, 'Bella Vista'),
(917, 8, 'Berón de Astrada'),
(918, 8, 'Bonpland'),
(919, 8, 'Caá Cati'),
(920, 8, 'Capital'),
(921, 8, 'Chavarría'),
(922, 8, 'Col. C. Pellegrini'),
(923, 8, 'Col. Libertad'),
(924, 8, 'Col. Liebig'),
(925, 8, 'Col. Sta Rosa'),
(926, 8, 'Concepción'),
(927, 8, 'Cruz de Los Milagros'),
(928, 8, 'Curuzú-Cuatiá'),
(929, 8, 'Empedrado'),
(930, 8, 'Esquina'),
(931, 8, 'Estación Torrent'),
(932, 8, 'Felipe Yofré'),
(933, 8, 'Garruchos'),
(934, 8, 'Gdor. Agrónomo'),
(935, 8, 'Gdor. Martínez'),
(936, 8, 'Goya'),
(937, 8, 'Guaviravi'),
(938, 8, 'Herlitzka'),
(939, 8, 'Ita-Ibate'),
(940, 8, 'Itatí'),
(941, 8, 'Ituzaingó'),
(942, 8, 'José Rafael Gómez'),
(943, 8, 'Juan Pujol'),
(944, 8, 'La Cruz'),
(945, 8, 'Lavalle'),
(946, 8, 'Lomas de Vallejos'),
(947, 8, 'Loreto'),
(948, 8, 'Mariano I. Loza'),
(949, 8, 'Mburucuyá'),
(950, 8, 'Mercedes'),
(951, 8, 'Mocoretá'),
(952, 8, 'Mte. Caseros'),
(953, 8, 'Nueve de Julio'),
(954, 8, 'Palmar Grande'),
(955, 8, 'Parada Pucheta'),
(956, 8, 'Paso de La Patria'),
(957, 8, 'Paso de Los Libres'),
(958, 8, 'Pedro R. Fernandez'),
(959, 8, 'Perugorría'),
(960, 8, 'Pueblo Libertador'),
(961, 8, 'Ramada Paso'),
(962, 8, 'Riachuelo'),
(963, 8, 'Saladas'),
(964, 8, 'San Antonio'),
(965, 8, 'San Carlos'),
(966, 8, 'San Cosme'),
(967, 8, 'San Lorenzo'),
(968, 8, '20 del Palmar'),
(969, 8, 'San Miguel'),
(970, 8, 'San Roque'),
(971, 8, 'Santa Ana'),
(972, 8, 'Santa Lucía'),
(973, 8, 'Santo Tomé'),
(974, 8, 'Sauce'),
(975, 8, 'Tabay'),
(976, 8, 'Tapebicuá'),
(977, 8, 'Tatacua'),
(978, 8, 'Virasoro'),
(979, 8, 'Yapeyú'),
(980, 8, 'Yataití Calle'),
(981, 9, 'Alarcón'),
(982, 9, 'Alcaraz'),
(983, 9, 'Alcaraz N.'),
(984, 9, 'Alcaraz S.'),
(985, 9, 'Aldea Asunción'),
(986, 9, 'Aldea Brasilera'),
(987, 9, 'Aldea Elgenfeld'),
(988, 9, 'Aldea Grapschental'),
(989, 9, 'Aldea Ma. Luisa'),
(990, 9, 'Aldea Protestante'),
(991, 9, 'Aldea Salto'),
(992, 9, 'Aldea San Antonio (G)'),
(993, 9, 'Aldea San Antonio (P)'),
(994, 9, 'Aldea 19'),
(995, 9, 'Aldea San Miguel'),
(996, 9, 'Aldea San Rafael'),
(997, 9, 'Aldea Spatzenkutter'),
(998, 9, 'Aldea Sta. María'),
(999, 9, 'Aldea Sta. Rosa'),
(1000, 9, 'Aldea Valle María'),
(1001, 9, 'Altamirano Sur'),
(1002, 9, 'Antelo'),
(1003, 9, 'Antonio Tomás'),
(1004, 9, 'Aranguren'),
(1005, 9, 'Arroyo Barú'),
(1006, 9, 'Arroyo Burgos'),
(1007, 9, 'Arroyo Clé'),
(1008, 9, 'Arroyo Corralito'),
(1009, 9, 'Arroyo del Medio'),
(1010, 9, 'Arroyo Maturrango'),
(1011, 9, 'Arroyo Palo Seco'),
(1012, 9, 'Banderas'),
(1013, 9, 'Basavilbaso'),
(1014, 9, 'Betbeder'),
(1015, 9, 'Bovril'),
(1016, 9, 'Caseros'),
(1017, 9, 'Ceibas'),
(1018, 9, 'Cerrito'),
(1019, 9, 'Chajarí'),
(1020, 9, 'Chilcas'),
(1021, 9, 'Clodomiro Ledesma'),
(1022, 9, 'Col. Alemana'),
(1023, 9, 'Col. Avellaneda'),
(1024, 9, 'Col. Avigdor'),
(1025, 9, 'Col. Ayuí'),
(1026, 9, 'Col. Baylina'),
(1027, 9, 'Col. Carrasco'),
(1028, 9, 'Col. Celina'),
(1029, 9, 'Col. Cerrito'),
(1030, 9, 'Col. Crespo'),
(1031, 9, 'Col. Elia'),
(1032, 9, 'Col. Ensayo'),
(1033, 9, 'Col. Gral. Roca'),
(1034, 9, 'Col. La Argentina'),
(1035, 9, 'Col. Merou'),
(1036, 9, 'Col. Oficial Nª3'),
(1037, 9, 'Col. Oficial Nº13'),
(1038, 9, 'Col. Oficial Nº14'),
(1039, 9, 'Col. Oficial Nº5'),
(1040, 9, 'Col. Reffino'),
(1041, 9, 'Col. Tunas'),
(1042, 9, 'Col. Viraró'),
(1043, 9, 'Colón'),
(1044, 9, 'Concepción del Uruguay'),
(1045, 9, 'Concordia'),
(1046, 9, 'Conscripto Bernardi'),
(1047, 9, 'Costa Grande'),
(1048, 9, 'Costa San Antonio'),
(1049, 9, 'Costa Uruguay N.'),
(1050, 9, 'Costa Uruguay S.'),
(1051, 9, 'Crespo'),
(1052, 9, 'Crucecitas 3ª'),
(1053, 9, 'Crucecitas 7ª'),
(1054, 9, 'Crucecitas 8ª'),
(1055, 9, 'Cuchilla Redonda'),
(1056, 9, 'Curtiembre'),
(1057, 9, 'Diamante'),
(1058, 9, 'Distrito 6º'),
(1059, 9, 'Distrito Chañar'),
(1060, 9, 'Distrito Chiqueros'),
(1061, 9, 'Distrito Cuarto'),
(1062, 9, 'Distrito Diego López'),
(1063, 9, 'Distrito Pajonal'),
(1064, 9, 'Distrito Sauce'),
(1065, 9, 'Distrito Tala'),
(1066, 9, 'Distrito Talitas'),
(1067, 9, 'Don Cristóbal 1ª Sección'),
(1068, 9, 'Don Cristóbal 2ª Sección'),
(1069, 9, 'Durazno'),
(1070, 9, 'El Cimarrón'),
(1071, 9, 'El Gramillal'),
(1072, 9, 'El Palenque'),
(1073, 9, 'El Pingo'),
(1074, 9, 'El Quebracho'),
(1075, 9, 'El Redomón'),
(1076, 9, 'El Solar'),
(1077, 9, 'Enrique Carbo'),
(1078, 9, '9'),
(1079, 9, 'Espinillo N.'),
(1080, 9, 'Estación Campos'),
(1081, 9, 'Estación Escriña'),
(1082, 9, 'Estación Lazo'),
(1083, 9, 'Estación Raíces'),
(1084, 9, 'Estación Yerúa'),
(1085, 9, 'Estancia Grande'),
(1086, 9, 'Estancia Líbaros'),
(1087, 9, 'Estancia Racedo'),
(1088, 9, 'Estancia Solá'),
(1089, 9, 'Estancia Yuquerí'),
(1090, 9, 'Estaquitas'),
(1091, 9, 'Faustino M. Parera'),
(1092, 9, 'Febre'),
(1093, 9, 'Federación'),
(1094, 9, 'Federal'),
(1095, 9, 'Gdor. Echagüe'),
(1096, 9, 'Gdor. Mansilla'),
(1097, 9, 'Gilbert'),
(1098, 9, 'González Calderón'),
(1099, 9, 'Gral. Almada'),
(1100, 9, 'Gral. Alvear'),
(1101, 9, 'Gral. Campos'),
(1102, 9, 'Gral. Galarza'),
(1103, 9, 'Gral. Ramírez'),
(1104, 9, 'Gualeguay'),
(1105, 9, 'Gualeguaychú'),
(1106, 9, 'Gualeguaycito'),
(1107, 9, 'Guardamonte'),
(1108, 9, 'Hambis'),
(1109, 9, 'Hasenkamp'),
(1110, 9, 'Hernandarias'),
(1111, 9, 'Hernández'),
(1112, 9, 'Herrera'),
(1113, 9, 'Hinojal'),
(1114, 9, 'Hocker'),
(1115, 9, 'Ing. Sajaroff'),
(1116, 9, 'Irazusta'),
(1117, 9, 'Isletas'),
(1118, 9, 'J.J De Urquiza'),
(1119, 9, 'Jubileo'),
(1120, 9, 'La Clarita'),
(1121, 9, 'La Criolla'),
(1122, 9, 'La Esmeralda'),
(1123, 9, 'La Florida'),
(1124, 9, 'La Fraternidad'),
(1125, 9, 'La Hierra'),
(1126, 9, 'La Ollita'),
(1127, 9, 'La Paz'),
(1128, 9, 'La Picada'),
(1129, 9, 'La Providencia'),
(1130, 9, 'La Verbena'),
(1131, 9, 'Laguna Benítez'),
(1132, 9, 'Larroque'),
(1133, 9, 'Las Cuevas'),
(1134, 9, 'Las Garzas'),
(1135, 9, 'Las Guachas'),
(1136, 9, 'Las Mercedes'),
(1137, 9, 'Las Moscas'),
(1138, 9, 'Las Mulitas'),
(1139, 9, 'Las Toscas'),
(1140, 9, 'Laurencena'),
(1141, 9, 'Libertador San Martín'),
(1142, 9, 'Loma Limpia'),
(1143, 9, 'Los Ceibos'),
(1144, 9, 'Los Charruas'),
(1145, 9, 'Los Conquistadores'),
(1146, 9, 'Lucas González'),
(1147, 9, 'Lucas N.'),
(1148, 9, 'Lucas S. 1ª'),
(1149, 9, 'Lucas S. 2ª'),
(1150, 9, 'Maciá'),
(1151, 9, 'María Grande'),
(1152, 9, 'María Grande 2ª'),
(1153, 9, 'Médanos'),
(1154, 9, 'Mojones N.'),
(1155, 9, 'Mojones S.'),
(1156, 9, 'Molino Doll'),
(1157, 9, 'Monte Redondo'),
(1158, 9, 'Montoya'),
(1159, 9, 'Mulas Grandes'),
(1160, 9, 'Ñancay'),
(1161, 9, 'Nogoyá'),
(1162, 9, 'Nueva Escocia'),
(1163, 9, 'Nueva Vizcaya'),
(1164, 9, 'Ombú'),
(1165, 9, 'Oro Verde'),
(1166, 9, 'Paraná'),
(1167, 9, 'Pasaje Guayaquil'),
(1168, 9, 'Pasaje Las Tunas'),
(1169, 9, 'Paso de La Arena'),
(1170, 9, 'Paso de La Laguna'),
(1171, 9, 'Paso de Las Piedras'),
(1172, 9, 'Paso Duarte'),
(1173, 9, 'Pastor Britos'),
(1174, 9, 'Pedernal'),
(1175, 9, 'Perdices'),
(1176, 9, 'Picada Berón'),
(1177, 9, 'Piedras Blancas'),
(1178, 9, 'Primer Distrito Cuchilla'),
(1179, 9, 'Primero de Mayo'),
(1180, 9, 'Pronunciamiento'),
(1181, 9, 'Pto. Algarrobo'),
(1182, 9, 'Pto. Ibicuy'),
(1183, 9, 'Pueblo Brugo'),
(1184, 9, 'Pueblo Cazes'),
(1185, 9, 'Pueblo Gral. Belgrano'),
(1186, 9, 'Pueblo Liebig'),
(1187, 9, 'Puerto Yeruá'),
(1188, 9, 'Punta del Monte'),
(1189, 9, 'Quebracho'),
(1190, 9, 'Quinto Distrito'),
(1191, 9, 'Raices Oeste'),
(1192, 9, 'Rincón de Nogoyá'),
(1193, 9, 'Rincón del Cinto'),
(1194, 9, 'Rincón del Doll'),
(1195, 9, 'Rincón del Gato'),
(1196, 9, 'Rocamora'),
(1197, 9, 'Rosario del Tala'),
(1198, 9, 'San Benito'),
(1199, 9, 'San Cipriano'),
(1200, 9, 'San Ernesto'),
(1201, 9, 'San Gustavo'),
(1202, 9, 'San Jaime'),
(1203, 9, 'San José'),
(1204, 9, 'San José de Feliciano'),
(1205, 9, 'San Justo'),
(1206, 9, 'San Marcial'),
(1207, 9, 'San Pedro'),
(1208, 9, 'San Ramírez'),
(1209, 9, 'San Ramón'),
(1210, 9, 'San Roque'),
(1211, 9, 'San Salvador'),
(1212, 9, 'San Víctor'),
(1213, 9, 'Santa Ana'),
(1214, 9, 'Santa Anita'),
(1215, 9, 'Santa Elena'),
(1216, 9, 'Santa Lucía'),
(1217, 9, 'Santa Luisa'),
(1218, 9, 'Sauce de Luna'),
(1219, 9, 'Sauce Montrull'),
(1220, 9, 'Sauce Pinto'),
(1221, 9, 'Sauce Sur'),
(1222, 9, 'Seguí'),
(1223, 9, 'Sir Leonard'),
(1224, 9, 'Sosa'),
(1225, 9, 'Tabossi'),
(1226, 9, 'Tezanos Pinto'),
(1227, 9, 'Ubajay'),
(1228, 9, 'Urdinarrain'),
(1229, 9, 'Veinte de Septiembre'),
(1230, 9, 'Viale'),
(1231, 9, 'Victoria'),
(1232, 9, 'Villa Clara'),
(1233, 9, 'Villa del Rosario'),
(1234, 9, 'Villa Domínguez'),
(1235, 9, 'Villa Elisa'),
(1236, 9, 'Villa Fontana'),
(1237, 9, 'Villa Gdor. Etchevehere'),
(1238, 9, 'Villa Mantero'),
(1239, 9, 'Villa Paranacito'),
(1240, 9, 'Villa Urquiza'),
(1241, 9, 'Villaguay'),
(1242, 9, 'Walter Moss'),
(1243, 9, 'Yacaré'),
(1244, 9, 'Yeso Oeste'),
(1245, 10, 'Buena Vista'),
(1246, 10, 'Clorinda'),
(1247, 10, 'Col. Pastoril'),
(1248, 10, 'Cte. Fontana'),
(1249, 10, 'El Colorado'),
(1250, 10, 'El Espinillo'),
(1251, 10, 'Estanislao Del Campo'),
(1252, 10, '10'),
(1253, 10, 'Fortín Lugones'),
(1254, 10, 'Gral. Lucio V. Mansilla'),
(1255, 10, 'Gral. Manuel Belgrano'),
(1256, 10, 'Gral. Mosconi'),
(1257, 10, 'Gran Guardia'),
(1258, 10, 'Herradura'),
(1259, 10, 'Ibarreta'),
(1260, 10, 'Ing. Juárez'),
(1261, 10, 'Laguna Blanca'),
(1262, 10, 'Laguna Naick Neck'),
(1263, 10, 'Laguna Yema'),
(1264, 10, 'Las Lomitas'),
(1265, 10, 'Los Chiriguanos'),
(1266, 10, 'Mayor V. Villafañe'),
(1267, 10, 'Misión San Fco.'),
(1268, 10, 'Palo Santo'),
(1269, 10, 'Pirané'),
(1270, 10, 'Pozo del Maza'),
(1271, 10, 'Riacho He-He'),
(1272, 10, 'San Hilario'),
(1273, 10, 'San Martín II'),
(1274, 10, 'Siete Palmas'),
(1275, 10, 'Subteniente Perín'),
(1276, 10, 'Tres Lagunas'),
(1277, 10, 'Villa Dos Trece'),
(1278, 10, 'Villa Escolar'),
(1279, 10, 'Villa Gral. Güemes'),
(1280, 11, 'Abdon Castro Tolay'),
(1281, 11, 'Abra Pampa'),
(1282, 11, 'Abralaite'),
(1283, 11, 'Aguas Calientes'),
(1284, 11, 'Arrayanal'),
(1285, 11, 'Barrios'),
(1286, 11, 'Caimancito'),
(1287, 11, 'Calilegua'),
(1288, 11, 'Cangrejillos'),
(1289, 11, 'Caspala'),
(1290, 11, 'Catuá'),
(1291, 11, 'Cieneguillas'),
(1292, 11, 'Coranzulli'),
(1293, 11, 'Cusi-Cusi'),
(1294, 11, 'El Aguilar'),
(1295, 11, 'El Carmen'),
(1296, 11, 'El Cóndor'),
(1297, 11, 'El Fuerte'),
(1298, 11, 'El Piquete'),
(1299, 11, 'El Talar'),
(1300, 11, 'Fraile Pintado'),
(1301, 11, 'Hipólito Yrigoyen'),
(1302, 11, 'Huacalera'),
(1303, 11, 'Humahuaca'),
(1304, 11, 'La Esperanza'),
(1305, 11, 'La Mendieta'),
(1306, 11, 'La Quiaca'),
(1307, 11, 'Ledesma'),
(1308, 11, 'Libertador Gral. San Martin'),
(1309, 11, 'Maimara'),
(1310, 11, 'Mina Pirquitas'),
(1311, 11, 'Monterrico'),
(1312, 11, 'Palma Sola'),
(1313, 11, 'Palpalá'),
(1314, 11, 'Pampa Blanca'),
(1315, 11, 'Pampichuela'),
(1316, 11, 'Perico'),
(1317, 11, 'Puesto del Marqués'),
(1318, 11, 'Puesto Viejo'),
(1319, 11, 'Pumahuasi'),
(1320, 11, 'Purmamarca'),
(1321, 11, 'Rinconada'),
(1322, 11, 'Rodeitos'),
(1323, 11, 'Rosario de Río Grande'),
(1324, 11, 'San Antonio'),
(1325, 11, 'San Francisco'),
(1326, 11, 'San Pedro'),
(1327, 11, 'San Rafael'),
(1328, 11, 'San Salvador'),
(1329, 11, 'Santa Ana'),
(1330, 11, 'Santa Catalina'),
(1331, 11, 'Santa Clara'),
(1332, 11, 'Susques'),
(1333, 11, 'Tilcara'),
(1334, 11, 'Tres Cruces'),
(1335, 11, 'Tumbaya'),
(1336, 11, 'Valle Grande'),
(1337, 11, 'Vinalito'),
(1338, 11, 'Volcán'),
(1339, 11, 'Yala'),
(1340, 11, 'Yaví'),
(1341, 11, 'Yuto'),
(1342, 12, 'Abramo'),
(1343, 12, 'Adolfo Van Praet'),
(1344, 12, 'Agustoni'),
(1345, 12, 'Algarrobo del Aguila'),
(1346, 12, 'Alpachiri'),
(1347, 12, 'Alta Italia'),
(1348, 12, 'Anguil'),
(1349, 12, 'Arata'),
(1350, 12, 'Ataliva Roca'),
(1351, 12, 'Bernardo Larroude'),
(1352, 12, 'Bernasconi'),
(1353, 12, 'Caleufú'),
(1354, 12, 'Carro Quemado'),
(1355, 12, 'Catriló'),
(1356, 12, 'Ceballos'),
(1357, 12, 'Chacharramendi'),
(1358, 12, 'Col. Barón'),
(1359, 12, 'Col. Santa María'),
(1360, 12, 'Conhelo'),
(1361, 12, 'Coronel Hilario Lagos'),
(1362, 12, 'Cuchillo-Có'),
(1363, 12, 'Doblas'),
(1364, 12, 'Dorila'),
(1365, 12, 'Eduardo Castex'),
(1366, 12, 'Embajador Martini'),
(1367, 12, 'Falucho'),
(1368, 12, 'Gral. Acha'),
(1369, 12, 'Gral. Manuel Campos'),
(1370, 12, 'Gral. Pico'),
(1371, 12, 'Guatraché'),
(1372, 12, 'Ing. Luiggi'),
(1373, 12, 'Intendente Alvear'),
(1374, 12, 'Jacinto Arauz'),
(1375, 12, 'La Adela'),
(1376, 12, 'La Humada'),
(1377, 12, 'La Maruja'),
(1378, 12, '12'),
(1379, 12, 'La Reforma'),
(1380, 12, 'Limay Mahuida'),
(1381, 12, 'Lonquimay'),
(1382, 12, 'Loventuel'),
(1383, 12, 'Luan Toro'),
(1384, 12, 'Macachín'),
(1385, 12, 'Maisonnave'),
(1386, 12, 'Mauricio Mayer'),
(1387, 12, 'Metileo'),
(1388, 12, 'Miguel Cané'),
(1389, 12, 'Miguel Riglos'),
(1390, 12, 'Monte Nievas'),
(1391, 12, 'Parera'),
(1392, 12, 'Perú'),
(1393, 12, 'Pichi-Huinca'),
(1394, 12, 'Puelches'),
(1395, 12, 'Puelén'),
(1396, 12, 'Quehue'),
(1397, 12, 'Quemú Quemú'),
(1398, 12, 'Quetrequén'),
(1399, 12, 'Rancul'),
(1400, 12, 'Realicó'),
(1401, 12, 'Relmo'),
(1402, 12, 'Rolón'),
(1403, 12, 'Rucanelo'),
(1404, 12, 'Sarah'),
(1405, 12, 'Speluzzi'),
(1406, 12, 'Sta. Isabel'),
(1407, 12, 'Sta. Rosa'),
(1408, 12, 'Sta. Teresa'),
(1409, 12, 'Telén'),
(1410, 12, 'Toay'),
(1411, 12, 'Tomas M. de Anchorena'),
(1412, 12, 'Trenel'),
(1413, 12, 'Unanue'),
(1414, 12, 'Uriburu'),
(1415, 12, 'Veinticinco de Mayo'),
(1416, 12, 'Vertiz'),
(1417, 12, 'Victorica'),
(1418, 12, 'Villa Mirasol'),
(1419, 12, 'Winifreda'),
(1420, 13, 'Arauco'),
(1421, 13, 'Capital'),
(1422, 13, 'Castro Barros'),
(1423, 13, 'Chamical'),
(1424, 13, 'Chilecito'),
(1425, 13, 'Coronel F. Varela'),
(1426, 13, 'Famatina'),
(1427, 13, 'Gral. A.V.Peñaloza'),
(1428, 13, 'Gral. Belgrano'),
(1429, 13, 'Gral. J.F. Quiroga'),
(1430, 13, 'Gral. Lamadrid'),
(1431, 13, 'Gral. Ocampo'),
(1432, 13, 'Gral. San Martín'),
(1433, 13, 'Independencia'),
(1434, 13, 'Rosario Penaloza'),
(1435, 13, 'San Blas de Los Sauces'),
(1436, 13, 'Sanagasta'),
(1437, 13, 'Vinchina'),
(1438, 14, 'Capital'),
(1439, 14, 'Chacras de Coria'),
(1440, 14, 'Dorrego'),
(1441, 14, 'Gllen'),
(1442, 14, 'Godoy Cruz'),
(1443, 14, 'Gral. Alvear'),
(1444, 14, 'Guaymallén'),
(1445, 14, 'Junín'),
(1446, 14, 'La Paz'),
(1447, 14, 'Las Heras'),
(1448, 14, 'Lavalle'),
(1449, 14, 'Luján'),
(1450, 14, 'Luján De Cuyo'),
(1451, 14, 'Maipú'),
(1452, 14, 'Malargüe'),
(1453, 14, 'Rivadavia'),
(1454, 14, 'San Carlos'),
(1455, 14, 'San Martín'),
(1456, 14, 'San Rafael'),
(1457, 14, 'Sta. Rosa'),
(1458, 14, 'Tunuyán'),
(1459, 14, 'Tupungato'),
(1460, 14, 'Villa Nueva'),
(1461, 15, 'Alba Posse'),
(1462, 15, 'Almafuerte'),
(1463, 15, 'Apóstoles'),
(1464, 15, 'Aristóbulo Del Valle'),
(1465, 15, 'Arroyo Del Medio'),
(1466, 15, 'Azara'),
(1467, 15, 'Bdo. De Irigoyen'),
(1468, 15, 'Bonpland'),
(1469, 15, 'Caá Yari'),
(1470, 15, 'Campo Grande'),
(1471, 15, 'Campo Ramón'),
(1472, 15, 'Campo Viera'),
(1473, 15, 'Candelaria'),
(1474, 15, 'Capioví'),
(1475, 15, 'Caraguatay'),
(1476, 15, 'Cdte. Guacurarí'),
(1477, 15, 'Cerro Azul'),
(1478, 15, 'Cerro Corá'),
(1479, 15, 'Col. Alberdi'),
(1480, 15, 'Col. Aurora'),
(1481, 15, 'Col. Delicia'),
(1482, 15, 'Col. Polana'),
(1483, 15, 'Col. Victoria'),
(1484, 15, 'Col. Wanda'),
(1485, 15, 'Concepción De La Sierra'),
(1486, 15, 'Corpus'),
(1487, 15, 'Dos Arroyos'),
(1488, 15, 'Dos de Mayo'),
(1489, 15, 'El Alcázar'),
(1490, 15, 'El Dorado'),
(1491, 15, 'El Soberbio'),
(1492, 15, 'Esperanza'),
(1493, 15, 'F. Ameghino'),
(1494, 15, 'Fachinal'),
(1495, 15, 'Garuhapé'),
(1496, 15, 'Garupá'),
(1497, 15, 'Gdor. López'),
(1498, 15, 'Gdor. Roca'),
(1499, 15, 'Gral. Alvear'),
(1500, 15, 'Gral. Urquiza'),
(1501, 15, 'Guaraní'),
(1502, 15, 'H. Yrigoyen'),
(1503, 15, 'Iguazú'),
(1504, 15, 'Itacaruaré'),
(1505, 15, 'Jardín América'),
(1506, 15, 'Leandro N. Alem'),
(1507, 15, 'Libertad'),
(1508, 15, 'Loreto'),
(1509, 15, 'Los Helechos'),
(1510, 15, 'Mártires'),
(1511, 15, '15'),
(1512, 15, 'Mojón Grande'),
(1513, 15, 'Montecarlo'),
(1514, 15, 'Nueve de Julio'),
(1515, 15, 'Oberá'),
(1516, 15, 'Olegario V. Andrade'),
(1517, 15, 'Panambí'),
(1518, 15, 'Posadas'),
(1519, 15, 'Profundidad'),
(1520, 15, 'Pto. Iguazú'),
(1521, 15, 'Pto. Leoni'),
(1522, 15, 'Pto. Piray'),
(1523, 15, 'Pto. Rico'),
(1524, 15, 'Ruiz de Montoya'),
(1525, 15, 'San Antonio'),
(1526, 15, 'San Ignacio'),
(1527, 15, 'San Javier'),
(1528, 15, 'San José'),
(1529, 15, 'San Martín'),
(1530, 15, 'San Pedro'),
(1531, 15, 'San Vicente'),
(1532, 15, 'Santiago De Liniers'),
(1533, 15, 'Santo Pipo'),
(1534, 15, 'Sta. Ana'),
(1535, 15, 'Sta. María'),
(1536, 15, 'Tres Capones'),
(1537, 15, 'Veinticinco de Mayo'),
(1538, 15, 'Wanda'),
(1539, 16, 'Aguada San Roque'),
(1540, 16, 'Aluminé'),
(1541, 16, 'Andacollo'),
(1542, 16, 'Añelo'),
(1543, 16, 'Bajada del Agrio'),
(1544, 16, 'Barrancas'),
(1545, 16, 'Buta Ranquil'),
(1546, 16, 'Capital'),
(1547, 16, 'Caviahué'),
(1548, 16, 'Centenario'),
(1549, 16, 'Chorriaca'),
(1550, 16, 'Chos Malal'),
(1551, 16, 'Cipolletti'),
(1552, 16, 'Covunco Abajo'),
(1553, 16, 'Coyuco Cochico'),
(1554, 16, 'Cutral Có'),
(1555, 16, 'El Cholar'),
(1556, 16, 'El Huecú'),
(1557, 16, 'El Sauce'),
(1558, 16, 'Guañacos'),
(1559, 16, 'Huinganco'),
(1560, 16, 'Las Coloradas'),
(1561, 16, 'Las Lajas'),
(1562, 16, 'Las Ovejas'),
(1563, 16, 'Loncopué'),
(1564, 16, 'Los Catutos'),
(1565, 16, 'Los Chihuidos'),
(1566, 16, 'Los Miches'),
(1567, 16, 'Manzano Amargo'),
(1568, 16, '16'),
(1569, 16, 'Octavio Pico'),
(1570, 16, 'Paso Aguerre'),
(1571, 16, 'Picún Leufú'),
(1572, 16, 'Piedra del Aguila'),
(1573, 16, 'Pilo Lil'),
(1574, 16, 'Plaza Huincul'),
(1575, 16, 'Plottier'),
(1576, 16, 'Quili Malal'),
(1577, 16, 'Ramón Castro'),
(1578, 16, 'Rincón de Los Sauces'),
(1579, 16, 'San Martín de Los Andes'),
(1580, 16, 'San Patricio del Chañar'),
(1581, 16, 'Santo Tomás'),
(1582, 16, 'Sauzal Bonito'),
(1583, 16, 'Senillosa'),
(1584, 16, 'Taquimilán'),
(1585, 16, 'Tricao Malal'),
(1586, 16, 'Varvarco'),
(1587, 16, 'Villa Curí Leuvu'),
(1588, 16, 'Villa del Nahueve'),
(1589, 16, 'Villa del Puente Picún Leuvú'),
(1590, 16, 'Villa El Chocón'),
(1591, 16, 'Villa La Angostura'),
(1592, 16, 'Villa Pehuenia'),
(1593, 16, 'Villa Traful'),
(1594, 16, 'Vista Alegre'),
(1595, 16, 'Zapala'),
(1596, 17, 'Aguada Cecilio'),
(1597, 17, 'Aguada de Guerra'),
(1598, 17, 'Allén'),
(1599, 17, 'Arroyo de La Ventana'),
(1600, 17, 'Arroyo Los Berros'),
(1601, 17, 'Bariloche'),
(1602, 17, 'Calte. Cordero'),
(1603, 17, 'Campo Grande'),
(1604, 17, 'Catriel'),
(1605, 17, 'Cerro Policía'),
(1606, 17, 'Cervantes'),
(1607, 17, 'Chelforo'),
(1608, 17, 'Chimpay'),
(1609, 17, 'Chinchinales'),
(1610, 17, 'Chipauquil'),
(1611, 17, 'Choele Choel'),
(1612, 17, 'Cinco Saltos'),
(1613, 17, 'Cipolletti'),
(1614, 17, 'Clemente Onelli'),
(1615, 17, 'Colán Conhue'),
(1616, 17, 'Comallo'),
(1617, 17, 'Comicó'),
(1618, 17, 'Cona Niyeu'),
(1619, 17, 'Coronel Belisle'),
(1620, 17, 'Cubanea'),
(1621, 17, 'Darwin'),
(1622, 17, 'Dina Huapi'),
(1623, 17, 'El Bolsón'),
(1624, 17, 'El Caín'),
(1625, 17, 'El Manso'),
(1626, 17, 'Gral. Conesa'),
(1627, 17, 'Gral. Enrique Godoy'),
(1628, 17, 'Gral. Fernandez Oro'),
(1629, 17, 'Gral. Roca'),
(1630, 17, 'Guardia Mitre'),
(1631, 17, 'Ing. Huergo'),
(1632, 17, 'Ing. Jacobacci'),
(1633, 17, 'Laguna Blanca'),
(1634, 17, 'Lamarque'),
(1635, 17, 'Las Grutas'),
(1636, 17, 'Los Menucos'),
(1637, 17, 'Luis Beltrán'),
(1638, 17, 'Mainqué'),
(1639, 17, 'Mamuel Choique'),
(1640, 17, 'Maquinchao'),
(1641, 17, 'Mencué'),
(1642, 17, 'Mtro. Ramos Mexia'),
(1643, 17, 'Nahuel Niyeu'),
(1644, 17, 'Naupa Huen'),
(1645, 17, 'Ñorquinco'),
(1646, 17, 'Ojos de Agua'),
(1647, 17, 'Paso de Agua'),
(1648, 17, 'Paso Flores'),
(1649, 17, 'Peñas Blancas'),
(1650, 17, 'Pichi Mahuida'),
(1651, 17, 'Pilcaniyeu'),
(1652, 17, 'Pomona'),
(1653, 17, 'Prahuaniyeu'),
(1654, 17, 'Rincón Treneta'),
(1655, 17, 'Río Chico'),
(1656, 17, 'Río Colorado'),
(1657, 17, 'Roca'),
(1658, 17, 'San Antonio Oeste'),
(1659, 17, 'San Javier'),
(1660, 17, 'Sierra Colorada'),
(1661, 17, 'Sierra Grande'),
(1662, 17, 'Sierra Pailemán'),
(1663, 17, 'Valcheta'),
(1664, 17, 'Valle Azul'),
(1665, 17, 'Viedma'),
(1666, 17, 'Villa Llanquín'),
(1667, 17, 'Villa Mascardi'),
(1668, 17, 'Villa Regina'),
(1669, 17, 'Yaminué'),
(1670, 18, 'A. Saravia'),
(1671, 18, 'Aguaray'),
(1672, 18, 'Angastaco'),
(1673, 18, 'Animaná'),
(1674, 18, 'Cachi'),
(1675, 18, 'Cafayate'),
(1676, 18, 'Campo Quijano'),
(1677, 18, 'Campo Santo'),
(1678, 18, 'Capital'),
(1679, 18, 'Cerrillos'),
(1680, 18, 'Chicoana'),
(1681, 18, 'Col. Sta. Rosa'),
(1682, 18, 'Coronel Moldes'),
(1683, 18, 'El Bordo'),
(1684, 18, 'El Carril'),
(1685, 18, 'El Galpón'),
(1686, 18, 'El Jardín'),
(1687, 18, 'El Potrero'),
(1688, 18, 'El Quebrachal'),
(1689, 18, 'El Tala'),
(1690, 18, 'Embarcación'),
(1691, 18, 'Gral. Ballivian'),
(1692, 18, 'Gral. Güemes'),
(1693, 18, 'Gral. Mosconi'),
(1694, 18, 'Gral. Pizarro'),
(1695, 18, 'Guachipas'),
(1696, 18, 'Hipólito Yrigoyen'),
(1697, 18, 'Iruyá'),
(1698, 18, 'Isla De Cañas'),
(1699, 18, 'J. V. Gonzalez'),
(1700, 18, 'La Caldera'),
(1701, 18, 'La Candelaria'),
(1702, 18, 'La Merced'),
(1703, 18, 'La Poma'),
(1704, 18, 'La Viña'),
(1705, 18, 'Las Lajitas'),
(1706, 18, 'Los Toldos'),
(1707, 18, 'Metán'),
(1708, 18, 'Molinos'),
(1709, 18, 'Nazareno'),
(1710, 18, 'Orán'),
(1711, 18, 'Payogasta'),
(1712, 18, 'Pichanal'),
(1713, 18, 'Prof. S. Mazza'),
(1714, 18, 'Río Piedras'),
(1715, 18, 'Rivadavia Banda Norte'),
(1716, 18, 'Rivadavia Banda Sur'),
(1717, 18, 'Rosario de La Frontera'),
(1718, 18, 'Rosario de Lerma'),
(1719, 18, 'Saclantás'),
(1720, 18, '18'),
(1721, 18, 'San Antonio'),
(1722, 18, 'San Carlos'),
(1723, 18, 'San José De Metán'),
(1724, 18, 'San Ramón'),
(1725, 18, 'Santa Victoria E.'),
(1726, 18, 'Santa Victoria O.'),
(1727, 18, 'Tartagal'),
(1728, 18, 'Tolar Grande'),
(1729, 18, 'Urundel'),
(1730, 18, 'Vaqueros'),
(1731, 18, 'Villa San Lorenzo'),
(1732, 19, 'Albardón'),
(1733, 19, 'Angaco'),
(1734, 19, 'Calingasta'),
(1735, 19, 'Capital'),
(1736, 19, 'Caucete'),
(1737, 19, 'Chimbas'),
(1738, 19, 'Iglesia'),
(1739, 19, 'Jachal'),
(1740, 19, 'Nueve de Julio'),
(1741, 19, 'Pocito'),
(1742, 19, 'Rawson'),
(1743, 19, 'Rivadavia'),
(1744, 19, '19'),
(1745, 19, 'San Martín'),
(1746, 19, 'Santa Lucía'),
(1747, 19, 'Sarmiento'),
(1748, 19, 'Ullum'),
(1749, 19, 'Valle Fértil'),
(1750, 19, 'Veinticinco de Mayo'),
(1751, 19, 'Zonda'),
(1752, 20, 'Alto Pelado'),
(1753, 20, 'Alto Pencoso'),
(1754, 20, 'Anchorena'),
(1755, 20, 'Arizona'),
(1756, 20, 'Bagual'),
(1757, 20, 'Balde'),
(1758, 20, 'Batavia'),
(1759, 20, 'Beazley'),
(1760, 20, 'Buena Esperanza'),
(1761, 20, 'Candelaria'),
(1762, 20, 'Capital'),
(1763, 20, 'Carolina'),
(1764, 20, 'Carpintería'),
(1765, 20, 'Concarán'),
(1766, 20, 'Cortaderas'),
(1767, 20, 'El Morro'),
(1768, 20, 'El Trapiche'),
(1769, 20, 'El Volcán'),
(1770, 20, 'Fortín El Patria'),
(1771, 20, 'Fortuna'),
(1772, 20, 'Fraga'),
(1773, 20, 'Juan Jorba'),
(1774, 20, 'Juan Llerena'),
(1775, 20, 'Juana Koslay'),
(1776, 20, 'Justo Daract'),
(1777, 20, 'La Calera'),
(1778, 20, 'La Florida'),
(1779, 20, 'La Punilla'),
(1780, 20, 'La Toma'),
(1781, 20, 'Lafinur'),
(1782, 20, 'Las Aguadas'),
(1783, 20, 'Las Chacras'),
(1784, 20, 'Las Lagunas'),
(1785, 20, 'Las Vertientes'),
(1786, 20, 'Lavaisse'),
(1787, 20, 'Leandro N. Alem'),
(1788, 20, 'Los Molles'),
(1789, 20, 'Luján'),
(1790, 20, 'Mercedes'),
(1791, 20, 'Merlo'),
(1792, 20, 'Naschel'),
(1793, 20, 'Navia'),
(1794, 20, 'Nogolí'),
(1795, 20, 'Nueva Galia'),
(1796, 20, 'Papagayos'),
(1797, 20, 'Paso Grande'),
(1798, 20, 'Potrero de Los Funes'),
(1799, 20, 'Quines'),
(1800, 20, 'Renca'),
(1801, 20, 'Saladillo'),
(1802, 20, 'San Francisco'),
(1803, 20, 'San Gerónimo'),
(1804, 20, 'San Martín'),
(1805, 20, 'San Pablo'),
(1806, 20, 'Santa Rosa de Conlara'),
(1807, 20, 'Talita'),
(1808, 20, 'Tilisarao'),
(1809, 20, 'Unión'),
(1810, 20, 'Villa de La Quebrada'),
(1811, 20, 'Villa de Praga'),
(1812, 20, 'Villa del Carmen'),
(1813, 20, 'Villa Gral. Roca'),
(1814, 20, 'Villa Larca'),
(1815, 20, 'Villa Mercedes'),
(1816, 20, 'Zanjitas'),
(1817, 21, 'Calafate'),
(1818, 21, 'Caleta Olivia'),
(1819, 21, 'Cañadón Seco'),
(1820, 21, 'Comandante Piedrabuena'),
(1821, 21, 'El Calafate'),
(1822, 21, 'El Chaltén'),
(1823, 21, 'Gdor. Gregores'),
(1824, 21, 'Hipólito Yrigoyen'),
(1825, 21, 'Jaramillo'),
(1826, 21, 'Koluel Kaike'),
(1827, 21, 'Las Heras'),
(1828, 21, 'Los Antiguos'),
(1829, 21, 'Perito Moreno'),
(1830, 21, 'Pico Truncado'),
(1831, 21, 'Pto. Deseado'),
(1832, 21, 'Pto. San Julián'),
(1833, 21, 'Pto. 21'),
(1834, 21, 'Río Cuarto'),
(1835, 21, 'Río Gallegos'),
(1836, 21, 'Río Turbio'),
(1837, 21, 'Tres Lagos'),
(1838, 21, 'Veintiocho De Noviembre'),
(1839, 22, 'Aarón Castellanos'),
(1840, 22, 'Acebal'),
(1841, 22, 'Aguará Grande'),
(1842, 22, 'Albarellos'),
(1843, 22, 'Alcorta'),
(1844, 22, 'Aldao'),
(1845, 22, 'Alejandra'),
(1846, 22, 'Álvarez'),
(1847, 22, 'Ambrosetti'),
(1848, 22, 'Amenábar'),
(1849, 22, 'Angélica'),
(1850, 22, 'Angeloni'),
(1851, 22, 'Arequito'),
(1852, 22, 'Arminda'),
(1853, 22, 'Armstrong'),
(1854, 22, 'Arocena'),
(1855, 22, 'Arroyo Aguiar'),
(1856, 22, 'Arroyo Ceibal'),
(1857, 22, 'Arroyo Leyes'),
(1858, 22, 'Arroyo Seco'),
(1859, 22, 'Arrufó'),
(1860, 22, 'Arteaga'),
(1861, 22, 'Ataliva'),
(1862, 22, 'Aurelia'),
(1863, 22, 'Avellaneda'),
(1864, 22, 'Barrancas'),
(1865, 22, 'Bauer Y Sigel'),
(1866, 22, 'Bella Italia'),
(1867, 22, 'Berabevú'),
(1868, 22, 'Berna'),
(1869, 22, 'Bernardo de Irigoyen'),
(1870, 22, 'Bigand'),
(1871, 22, 'Bombal'),
(1872, 22, 'Bouquet'),
(1873, 22, 'Bustinza'),
(1874, 22, 'Cabal'),
(1875, 22, 'Cacique Ariacaiquin'),
(1876, 22, 'Cafferata'),
(1877, 22, 'Calchaquí'),
(1878, 22, 'Campo Andino'),
(1879, 22, 'Campo Piaggio'),
(1880, 22, 'Cañada de Gómez'),
(1881, 22, 'Cañada del Ucle'),
(1882, 22, 'Cañada Rica'),
(1883, 22, 'Cañada Rosquín'),
(1884, 22, 'Candioti'),
(1885, 22, 'Capital'),
(1886, 22, 'Capitán Bermúdez'),
(1887, 22, 'Capivara'),
(1888, 22, 'Carcarañá'),
(1889, 22, 'Carlos Pellegrini'),
(1890, 22, 'Carmen'),
(1891, 22, 'Carmen Del Sauce'),
(1892, 22, 'Carreras'),
(1893, 22, 'Carrizales'),
(1894, 22, 'Casalegno'),
(1895, 22, 'Casas'),
(1896, 22, 'Casilda'),
(1897, 22, 'Castelar'),
(1898, 22, 'Castellanos'),
(1899, 22, 'Cayastá'),
(1900, 22, 'Cayastacito'),
(1901, 22, 'Centeno'),
(1902, 22, 'Cepeda'),
(1903, 22, 'Ceres'),
(1904, 22, 'Chabás'),
(1905, 22, 'Chañar Ladeado'),
(1906, 22, 'Chapuy'),
(1907, 22, 'Chovet'),
(1908, 22, 'Christophersen'),
(1909, 22, 'Classon'),
(1910, 22, 'Cnel. Arnold'),
(1911, 22, 'Cnel. Bogado'),
(1912, 22, 'Cnel. Dominguez'),
(1913, 22, 'Cnel. Fraga'),
(1914, 22, 'Col. Aldao'),
(1915, 22, 'Col. Ana'),
(1916, 22, 'Col. Belgrano'),
(1917, 22, 'Col. Bicha'),
(1918, 22, 'Col. Bigand'),
(1919, 22, 'Col. Bossi'),
(1920, 22, 'Col. Cavour'),
(1921, 22, 'Col. Cello'),
(1922, 22, 'Col. Dolores'),
(1923, 22, 'Col. Dos Rosas'),
(1924, 22, 'Col. Durán'),
(1925, 22, 'Col. Iturraspe'),
(1926, 22, 'Col. Margarita'),
(1927, 22, 'Col. Mascias'),
(1928, 22, 'Col. Raquel'),
(1929, 22, 'Col. Rosa'),
(1930, 22, 'Col. San José'),
(1931, 22, 'Constanza'),
(1932, 22, 'Coronda'),
(1933, 22, 'Correa'),
(1934, 22, 'Crispi'),
(1935, 22, 'Cululú'),
(1936, 22, 'Curupayti'),
(1937, 22, 'Desvio Arijón'),
(1938, 22, 'Diaz'),
(1939, 22, 'Diego de Alvear'),
(1940, 22, 'Egusquiza'),
(1941, 22, 'El Arazá'),
(1942, 22, 'El Rabón'),
(1943, 22, 'El Sombrerito'),
(1944, 22, 'El Trébol'),
(1945, 22, 'Elisa'),
(1946, 22, 'Elortondo'),
(1947, 22, 'Emilia'),
(1948, 22, 'Empalme San Carlos'),
(1949, 22, 'Empalme Villa Constitucion'),
(1950, 22, 'Esmeralda'),
(1951, 22, 'Esperanza'),
(1952, 22, 'Estación Alvear'),
(1953, 22, 'Estacion Clucellas'),
(1954, 22, 'Esteban Rams'),
(1955, 22, 'Esther'),
(1956, 22, 'Esustolia'),
(1957, 22, 'Eusebia'),
(1958, 22, 'Felicia'),
(1959, 22, 'Fidela'),
(1960, 22, 'Fighiera'),
(1961, 22, 'Firmat'),
(1962, 22, 'Florencia'),
(1963, 22, 'Fortín Olmos'),
(1964, 22, 'Franck'),
(1965, 22, 'Fray Luis Beltrán'),
(1966, 22, 'Frontera'),
(1967, 22, 'Fuentes'),
(1968, 22, 'Funes'),
(1969, 22, 'Gaboto'),
(1970, 22, 'Galisteo'),
(1971, 22, 'Gálvez'),
(1972, 22, 'Garabalto'),
(1973, 22, 'Garibaldi'),
(1974, 22, 'Gato Colorado'),
(1975, 22, 'Gdor. Crespo'),
(1976, 22, 'Gessler'),
(1977, 22, 'Godoy'),
(1978, 22, 'Golondrina'),
(1979, 22, 'Gral. Gelly'),
(1980, 22, 'Gral. Lagos'),
(1981, 22, 'Granadero Baigorria'),
(1982, 22, 'Gregoria Perez De Denis'),
(1983, 22, 'Grutly'),
(1984, 22, 'Guadalupe N.'),
(1985, 22, 'Gödeken'),
(1986, 22, 'Helvecia'),
(1987, 22, 'Hersilia'),
(1988, 22, 'Hipatía'),
(1989, 22, 'Huanqueros'),
(1990, 22, 'Hugentobler'),
(1991, 22, 'Hughes'),
(1992, 22, 'Humberto 1º'),
(1993, 22, 'Humboldt'),
(1994, 22, 'Ibarlucea'),
(1995, 22, 'Ing. Chanourdie'),
(1996, 22, 'Intiyaco'),
(1997, 22, 'Ituzaingó'),
(1998, 22, 'Jacinto L. Aráuz'),
(1999, 22, 'Josefina'),
(2000, 22, 'Juan B. Molina'),
(2001, 22, 'Juan de Garay'),
(2002, 22, 'Juncal'),
(2003, 22, 'La Brava'),
(2004, 22, 'La Cabral'),
(2005, 22, 'La Camila'),
(2006, 22, 'La Chispa'),
(2007, 22, 'La Clara'),
(2008, 22, 'La Criolla'),
(2009, 22, 'La Gallareta'),
(2010, 22, 'La Lucila'),
(2011, 22, 'La Pelada'),
(2012, 22, 'La Penca'),
(2013, 22, 'La Rubia'),
(2014, 22, 'La Sarita'),
(2015, 22, 'La Vanguardia'),
(2016, 22, 'Labordeboy'),
(2017, 22, 'Laguna Paiva'),
(2018, 22, 'Landeta'),
(2019, 22, 'Lanteri'),
(2020, 22, 'Larrechea'),
(2021, 22, 'Las Avispas'),
(2022, 22, 'Las Bandurrias'),
(2023, 22, 'Las Garzas'),
(2024, 22, 'Las Palmeras'),
(2025, 22, 'Las Parejas'),
(2026, 22, 'Las Petacas'),
(2027, 22, 'Las Rosas'),
(2028, 22, 'Las Toscas'),
(2029, 22, 'Las Tunas'),
(2030, 22, 'Lazzarino'),
(2031, 22, 'Lehmann'),
(2032, 22, 'Llambi Campbell'),
(2033, 22, 'Logroño'),
(2034, 22, 'Loma Alta'),
(2035, 22, 'López'),
(2036, 22, 'Los Amores'),
(2037, 22, 'Los Cardos'),
(2038, 22, 'Los Laureles'),
(2039, 22, 'Los Molinos'),
(2040, 22, 'Los Quirquinchos'),
(2041, 22, 'Lucio V. Lopez'),
(2042, 22, 'Luis Palacios'),
(2043, 22, 'Ma. Juana'),
(2044, 22, 'Ma. Luisa'),
(2045, 22, 'Ma. Susana'),
(2046, 22, 'Ma. Teresa'),
(2047, 22, 'Maciel'),
(2048, 22, 'Maggiolo'),
(2049, 22, 'Malabrigo'),
(2050, 22, 'Marcelino Escalada'),
(2051, 22, 'Margarita'),
(2052, 22, 'Matilde'),
(2053, 22, 'Mauá'),
(2054, 22, 'Máximo Paz'),
(2055, 22, 'Melincué'),
(2056, 22, 'Miguel Torres'),
(2057, 22, 'Moisés Ville'),
(2058, 22, 'Monigotes'),
(2059, 22, 'Monje'),
(2060, 22, 'Monte Obscuridad'),
(2061, 22, 'Monte Vera'),
(2062, 22, 'Montefiore'),
(2063, 22, 'Montes de Oca'),
(2064, 22, 'Murphy'),
(2065, 22, 'Ñanducita'),
(2066, 22, 'Naré'),
(2067, 22, 'Nelson'),
(2068, 22, 'Nicanor E. Molinas'),
(2069, 22, 'Nuevo Torino'),
(2070, 22, 'Oliveros'),
(2071, 22, 'Palacios'),
(2072, 22, 'Pavón'),
(2073, 22, 'Pavón Arriba');
INSERT INTO `localidades` (`id`, `id_privincia`, `localidad`) VALUES
(2074, 22, 'Pedro Gómez Cello'),
(2075, 22, 'Pérez'),
(2076, 22, 'Peyrano'),
(2077, 22, 'Piamonte'),
(2078, 22, 'Pilar'),
(2079, 22, 'Piñero'),
(2080, 22, 'Plaza Clucellas'),
(2081, 22, 'Portugalete'),
(2082, 22, 'Pozo Borrado'),
(2083, 22, 'Progreso'),
(2084, 22, 'Providencia'),
(2085, 22, 'Pte. Roca'),
(2086, 22, 'Pueblo Andino'),
(2087, 22, 'Pueblo Esther'),
(2088, 22, 'Pueblo Gral. San Martín'),
(2089, 22, 'Pueblo Irigoyen'),
(2090, 22, 'Pueblo Marini'),
(2091, 22, 'Pueblo Muñoz'),
(2092, 22, 'Pueblo Uranga'),
(2093, 22, 'Pujato'),
(2094, 22, 'Pujato N.'),
(2095, 22, 'Rafaela'),
(2096, 22, 'Ramayón'),
(2097, 22, 'Ramona'),
(2098, 22, 'Reconquista'),
(2099, 22, 'Recreo'),
(2100, 22, 'Ricardone'),
(2101, 22, 'Rivadavia'),
(2102, 22, 'Roldán'),
(2103, 22, 'Romang'),
(2104, 22, 'Rosario'),
(2105, 22, 'Rueda'),
(2106, 22, 'Rufino'),
(2107, 22, 'Sa Pereira'),
(2108, 22, 'Saguier'),
(2109, 22, 'Saladero M. Cabal'),
(2110, 22, 'Salto Grande'),
(2111, 22, 'San Agustín'),
(2112, 22, 'San Antonio de Obligado'),
(2113, 22, 'San Bernardo (N.J.)'),
(2114, 22, 'San Bernardo (S.J.)'),
(2115, 22, 'San Carlos Centro'),
(2116, 22, 'San Carlos N.'),
(2117, 22, 'San Carlos S.'),
(2118, 22, 'San Cristóbal'),
(2119, 22, 'San Eduardo'),
(2120, 22, 'San Eugenio'),
(2121, 22, 'San Fabián'),
(2122, 22, 'San Fco. de Santa Fé'),
(2123, 22, 'San Genaro'),
(2124, 22, 'San Genaro N.'),
(2125, 22, 'San Gregorio'),
(2126, 22, 'San Guillermo'),
(2127, 22, 'San Javier'),
(2128, 22, 'San Jerónimo del Sauce'),
(2129, 22, 'San Jerónimo N.'),
(2130, 22, 'San Jerónimo S.'),
(2131, 22, 'San Jorge'),
(2132, 22, 'San José de La Esquina'),
(2133, 22, 'San José del Rincón'),
(2134, 22, 'San Justo'),
(2135, 22, 'San Lorenzo'),
(2136, 22, 'San Mariano'),
(2137, 22, 'San Martín de Las Escobas'),
(2138, 22, 'San Martín N.'),
(2139, 22, 'San Vicente'),
(2140, 22, 'Sancti Spititu'),
(2141, 22, 'Sanford'),
(2142, 22, 'Santo Domingo'),
(2143, 22, 'Santo Tomé'),
(2144, 22, 'Santurce'),
(2145, 22, 'Sargento Cabral'),
(2146, 22, 'Sarmiento'),
(2147, 22, 'Sastre'),
(2148, 22, 'Sauce Viejo'),
(2149, 22, 'Serodino'),
(2150, 22, 'Silva'),
(2151, 22, 'Soldini'),
(2152, 22, 'Soledad'),
(2153, 22, 'Soutomayor'),
(2154, 22, 'Sta. Clara de Buena Vista'),
(2155, 22, 'Sta. Clara de Saguier'),
(2156, 22, 'Sta. Isabel'),
(2157, 22, 'Sta. Margarita'),
(2158, 22, 'Sta. Maria Centro'),
(2159, 22, 'Sta. María N.'),
(2160, 22, 'Sta. Rosa'),
(2161, 22, 'Sta. Teresa'),
(2162, 22, 'Suardi'),
(2163, 22, 'Sunchales'),
(2164, 22, 'Susana'),
(2165, 22, 'Tacuarendí'),
(2166, 22, 'Tacural'),
(2167, 22, 'Tartagal'),
(2168, 22, 'Teodelina'),
(2169, 22, 'Theobald'),
(2170, 22, 'Timbúes'),
(2171, 22, 'Toba'),
(2172, 22, 'Tortugas'),
(2173, 22, 'Tostado'),
(2174, 22, 'Totoras'),
(2175, 22, 'Traill'),
(2176, 22, 'Venado Tuerto'),
(2177, 22, 'Vera'),
(2178, 22, 'Vera y Pintado'),
(2179, 22, 'Videla'),
(2180, 22, 'Vila'),
(2181, 22, 'Villa Amelia'),
(2182, 22, 'Villa Ana'),
(2183, 22, 'Villa Cañas'),
(2184, 22, 'Villa Constitución'),
(2185, 22, 'Villa Eloísa'),
(2186, 22, 'Villa Gdor. Gálvez'),
(2187, 22, 'Villa Guillermina'),
(2188, 22, 'Villa Minetti'),
(2189, 22, 'Villa Mugueta'),
(2190, 22, 'Villa Ocampo'),
(2191, 22, 'Villa San José'),
(2192, 22, 'Villa Saralegui'),
(2193, 22, 'Villa Trinidad'),
(2194, 22, 'Villada'),
(2195, 22, 'Virginia'),
(2196, 22, 'Wheelwright'),
(2197, 22, 'Zavalla'),
(2198, 22, 'Zenón Pereira'),
(2199, 23, 'Añatuya'),
(2200, 23, 'Árraga'),
(2201, 23, 'Bandera'),
(2202, 23, 'Bandera Bajada'),
(2203, 23, 'Beltrán'),
(2204, 23, 'Brea Pozo'),
(2205, 23, 'Campo Gallo'),
(2206, 23, 'Capital'),
(2207, 23, 'Chilca Juliana'),
(2208, 23, 'Choya'),
(2209, 23, 'Clodomira'),
(2210, 23, 'Col. Alpina'),
(2211, 23, 'Col. Dora'),
(2212, 23, 'Col. El Simbolar Robles'),
(2213, 23, 'El Bobadal'),
(2214, 23, 'El Charco'),
(2215, 23, 'El Mojón'),
(2216, 23, 'Estación Atamisqui'),
(2217, 23, 'Estación Simbolar'),
(2218, 23, 'Fernández'),
(2219, 23, 'Fortín Inca'),
(2220, 23, 'Frías'),
(2221, 23, 'Garza'),
(2222, 23, 'Gramilla'),
(2223, 23, 'Guardia Escolta'),
(2224, 23, 'Herrera'),
(2225, 23, 'Icaño'),
(2226, 23, 'Ing. Forres'),
(2227, 23, 'La Banda'),
(2228, 23, 'La Cañada'),
(2229, 23, 'Laprida'),
(2230, 23, 'Lavalle'),
(2231, 23, 'Loreto'),
(2232, 23, 'Los Juríes'),
(2233, 23, 'Los Núñez'),
(2234, 23, 'Los Pirpintos'),
(2235, 23, 'Los Quiroga'),
(2236, 23, 'Los Telares'),
(2237, 23, 'Lugones'),
(2238, 23, 'Malbrán'),
(2239, 23, 'Matara'),
(2240, 23, 'Medellín'),
(2241, 23, 'Monte Quemado'),
(2242, 23, 'Nueva Esperanza'),
(2243, 23, 'Nueva Francia'),
(2244, 23, 'Palo Negro'),
(2245, 23, 'Pampa de Los Guanacos'),
(2246, 23, 'Pinto'),
(2247, 23, 'Pozo Hondo'),
(2248, 23, 'Quimilí'),
(2249, 23, 'Real Sayana'),
(2250, 23, 'Sachayoj'),
(2251, 23, 'San Pedro de Guasayán'),
(2252, 23, 'Selva'),
(2253, 23, 'Sol de Julio'),
(2254, 23, 'Sumampa'),
(2255, 23, 'Suncho Corral'),
(2256, 23, 'Taboada'),
(2257, 23, 'Tapso'),
(2258, 23, 'Termas de Rio Hondo'),
(2259, 23, 'Tintina'),
(2260, 23, 'Tomas Young'),
(2261, 23, 'Vilelas'),
(2262, 23, 'Villa Atamisqui'),
(2263, 23, 'Villa La Punta'),
(2264, 23, 'Villa Ojo de Agua'),
(2265, 23, 'Villa Río Hondo'),
(2266, 23, 'Villa Salavina'),
(2267, 23, 'Villa Unión'),
(2268, 23, 'Vilmer'),
(2269, 23, 'Weisburd'),
(2270, 24, 'Río Grande'),
(2271, 24, 'Tolhuin'),
(2272, 24, 'Ushuaia'),
(2273, 25, 'Acheral'),
(2274, 25, 'Agua Dulce'),
(2275, 25, 'Aguilares'),
(2276, 25, 'Alderetes'),
(2277, 25, 'Alpachiri'),
(2278, 25, 'Alto Verde'),
(2279, 25, 'Amaicha del Valle'),
(2280, 25, 'Amberes'),
(2281, 25, 'Ancajuli'),
(2282, 25, 'Arcadia'),
(2283, 25, 'Atahona'),
(2284, 25, 'Banda del Río Sali'),
(2285, 25, 'Bella Vista'),
(2286, 25, 'Buena Vista'),
(2287, 25, 'Burruyacú'),
(2288, 25, 'Capitán Cáceres'),
(2289, 25, 'Cevil Redondo'),
(2290, 25, 'Choromoro'),
(2291, 25, 'Ciudacita'),
(2292, 25, 'Colalao del Valle'),
(2293, 25, 'Colombres'),
(2294, 25, 'Concepción'),
(2295, 25, 'Delfín Gallo'),
(2296, 25, 'El Bracho'),
(2297, 25, 'El Cadillal'),
(2298, 25, 'El Cercado'),
(2299, 25, 'El Chañar'),
(2300, 25, 'El Manantial'),
(2301, 25, 'El Mojón'),
(2302, 25, 'El Mollar'),
(2303, 25, 'El Naranjito'),
(2304, 25, 'El Naranjo'),
(2305, 25, 'El Polear'),
(2306, 25, 'El Puestito'),
(2307, 25, 'El Sacrificio'),
(2308, 25, 'El Timbó'),
(2309, 25, 'Escaba'),
(2310, 25, 'Esquina'),
(2311, 25, 'Estación Aráoz'),
(2312, 25, 'Famaillá'),
(2313, 25, 'Gastone'),
(2314, 25, 'Gdor. Garmendia'),
(2315, 25, 'Gdor. Piedrabuena'),
(2316, 25, 'Graneros'),
(2317, 25, 'Huasa Pampa'),
(2318, 25, 'J. B. Alberdi'),
(2319, 25, 'La Cocha'),
(2320, 25, 'La Esperanza'),
(2321, 25, 'La Florida'),
(2322, 25, 'La Ramada'),
(2323, 25, 'La Trinidad'),
(2324, 25, 'Lamadrid'),
(2325, 25, 'Las Cejas'),
(2326, 25, 'Las Talas'),
(2327, 25, 'Las Talitas'),
(2328, 25, 'Los Bulacio'),
(2329, 25, 'Los Gómez'),
(2330, 25, 'Los Nogales'),
(2331, 25, 'Los Pereyra'),
(2332, 25, 'Los Pérez'),
(2333, 25, 'Los Puestos'),
(2334, 25, 'Los Ralos'),
(2335, 25, 'Los Sarmientos'),
(2336, 25, 'Los Sosa'),
(2337, 25, 'Lules'),
(2338, 25, 'M. García Fernández'),
(2339, 25, 'Manuela Pedraza'),
(2340, 25, 'Medinas'),
(2341, 25, 'Monte Bello'),
(2342, 25, 'Monteagudo'),
(2343, 25, 'Monteros'),
(2344, 25, 'Padre Monti'),
(2345, 25, 'Pampa Mayo'),
(2346, 25, 'Quilmes'),
(2347, 25, 'Raco'),
(2348, 25, 'Ranchillos'),
(2349, 25, 'Río Chico'),
(2350, 25, 'Río Colorado'),
(2351, 25, 'Río Seco'),
(2352, 25, 'Rumi Punco'),
(2353, 25, 'San Andrés'),
(2354, 25, 'San Felipe'),
(2355, 25, 'San Ignacio'),
(2356, 25, 'San Javier'),
(2357, 25, 'San José'),
(2358, 25, 'San Miguel de 25'),
(2359, 25, 'San Pedro'),
(2360, 25, 'San Pedro de Colalao'),
(2361, 25, 'Santa Rosa de Leales'),
(2362, 25, 'Sgto. Moya'),
(2363, 25, 'Siete de Abril'),
(2364, 25, 'Simoca'),
(2365, 25, 'Soldado Maldonado'),
(2366, 25, 'Sta. Ana'),
(2367, 25, 'Sta. Cruz'),
(2368, 25, 'Sta. Lucía'),
(2369, 25, 'Taco Ralo'),
(2370, 25, 'Tafí del Valle'),
(2371, 25, 'Tafí Viejo'),
(2372, 25, 'Tapia'),
(2373, 25, 'Teniente Berdina'),
(2374, 25, 'Trancas'),
(2375, 25, 'Villa Belgrano'),
(2376, 25, 'Villa Benjamín Araoz'),
(2377, 25, 'Villa Chiligasta'),
(2378, 25, 'Villa de Leales'),
(2379, 25, 'Villa Quinteros'),
(2380, 25, 'Yánima'),
(2381, 25, 'Yerba Buena'),
(2382, 25, 'Yerba Buena (S)');

-- --------------------------------------------------------

--
-- Estructura de tabla para la tabla `operacionedelasffaa`
--

CREATE TABLE IF NOT EXISTS `operacionedelasffaa` (
  `id` int(20) NOT NULL,
  `info` mediumtext NOT NULL,
  `participacion` mediumtext NOT NULL,
  `a` mediumtext NOT NULL,
  `b` mediumtext NOT NULL
) ENGINE=InnoDB DEFAULT CHARSET=utf8mb4;

--
-- Volcado de datos para la tabla `operacionedelasffaa`
--

INSERT INTO `operacionedelasffaa` (`id`, `info`, `participacion`, `a`, `b`) VALUES
(1, 'Respecto de la participación de las Fuerzas Armadas en el marco de las operaciones multilaterales de Naciones Unidas, deberá considerarse que los compromisos multilaterales y la contribución nacional al sistema de seguridad colectiva no deberán implicar de ninguna manera el deterioro o la disminución de los recursos y de las capacidades operativas necesarias para el cumplimiento de la misión principal del instrumento militar. Por otra parte, la importancia de esta misión subsidiaria de las Fuerzas Armadas, tendiente al logro de mejores condiciones globales de paz y seguridad internacional, radica en que la misma deberá considerarse como un importante factor a contemplar para el diseño y la determinación de las capacidades del instrumento militar, específicamente en lo que refiere al logro y a la consolidación de los estándares mínimos requeridos para la interacción militar multilateral.', 'Respecto de la participación de las Fuerzas Armadas en operaciones de seguridad interior prevista por la Ley de Seguridad Interior Nº 24.059, deberá considerarse que las Fuerzas Armadas deberán desarrollar las acciones previstas por la Ley de Seguridad Interior Nº 24.059 tendientes a garantizar la seguridad interior de acuerdo a los precisos límites y criterios establecidos en los artículos 2, 27, 28, 29, 30, 31 y 32 de dicha Ley de Seguridad Interior Nº 24.059, que prevén la participación del instrumento militar en cuestiones de seguridad interior puntual y exclusivamente para los siguientes casos:', 'a) Operaciones de apoyo logístico, por explícita disposición del Ministro de Defensa, previo requerimiento del Comité de Crisis (artículo 27 de la Ley Nº 24.059).', 'b) Operaciones destinadas a la preservación de la Fuerza Armada y al restablecimiento del orden dentro de la jurisdicción militar, en caso de atentado en tiempo de paz a dicha jurisdicción (artículos 28, 29 y 30 de la Ley Nº 24.059)');

-- --------------------------------------------------------

--
-- Estructura de tabla para la tabla `paises`
--

CREATE TABLE IF NOT EXISTS `paises` (
`id` int(11) NOT NULL,
  `iso` char(2) DEFAULT NULL,
  `pais` varchar(80) DEFAULT NULL
) ENGINE=InnoDB AUTO_INCREMENT=241 DEFAULT CHARSET=latin1;

--
-- Volcado de datos para la tabla `paises`
--

INSERT INTO `paises` (`id`, `iso`, `pais`) VALUES
(1, 'AF', 'Afganistán'),
(2, 'AX', 'Islas Gland'),
(3, 'AL', 'Albania'),
(4, 'DE', 'Alemania'),
(5, 'AD', 'Andorra'),
(6, 'AO', 'Angola'),
(7, 'AI', 'Anguilla'),
(8, 'AQ', 'Antártida'),
(9, 'AG', 'Antigua y Barbuda'),
(10, 'AN', 'Antillas Holandesas'),
(11, 'SA', 'Arabia Saudí'),
(12, 'DZ', 'Argelia'),
(13, 'AR', 'Argentina'),
(14, 'AM', 'Armenia'),
(15, 'AW', 'Aruba'),
(16, 'AU', 'Australia'),
(17, 'AT', 'Austria'),
(18, 'AZ', 'Azerbaiyán'),
(19, 'BS', 'Bahamas'),
(20, 'BH', 'Bahréin'),
(21, 'BD', 'Bangladesh'),
(22, 'BB', 'Barbados'),
(23, 'BY', 'Bielorrusia'),
(24, 'BE', 'Bélgica'),
(25, 'BZ', 'Belice'),
(26, 'BJ', 'Benin'),
(27, 'BM', 'Bermudas'),
(28, 'BT', 'Bhután'),
(29, 'BO', 'Bolivia'),
(30, 'BA', 'Bosnia y Herzegovina'),
(31, 'BW', 'Botsuana'),
(32, 'BV', 'Isla Bouvet'),
(33, 'BR', 'Brasil'),
(34, 'BN', 'Brunéi'),
(35, 'BG', 'Bulgaria'),
(36, 'BF', 'Burkina Faso'),
(37, 'BI', 'Burundi'),
(38, 'CV', 'Cabo Verde'),
(39, 'KY', 'Islas Caimán'),
(40, 'KH', 'Camboya'),
(41, 'CM', 'Camerún'),
(42, 'CA', 'Canadá'),
(43, 'CF', 'República Centroafricana'),
(44, 'TD', 'Chad'),
(45, 'CZ', 'República Checa'),
(46, 'CL', 'Chile'),
(47, 'CN', 'China'),
(48, 'CY', 'Chipre'),
(49, 'CX', 'Isla de Navidad'),
(50, 'VA', 'Ciudad del Vaticano'),
(51, 'CC', 'Islas Cocos'),
(52, 'CO', 'Colombia'),
(53, 'KM', 'Comoras'),
(54, 'CD', 'República Democrática del Congo'),
(55, 'CG', 'Congo'),
(56, 'CK', 'Islas Cook'),
(57, 'KP', 'Corea del Norte'),
(58, 'KR', 'Corea del Sur'),
(59, 'CI', 'Costa de Marfil'),
(60, 'CR', 'Costa Rica'),
(61, 'HR', 'Croacia'),
(62, 'CU', 'Cuba'),
(63, 'DK', 'Dinamarca'),
(64, 'DM', 'Dominica'),
(65, 'DO', 'República Dominicana'),
(66, 'EC', 'Ecuador'),
(67, 'EG', 'Egipto'),
(68, 'SV', 'El Salvador'),
(69, 'AE', 'Emiratos Árabes Unidos'),
(70, 'ER', 'Eritrea'),
(71, 'SK', 'Eslovaquia'),
(72, 'SI', 'Eslovenia'),
(73, 'ES', 'España'),
(74, 'UM', 'Islas ultramarinas de Estados Unidos'),
(75, 'US', 'Estados Unidos'),
(76, 'EE', 'Estonia'),
(77, 'ET', 'Etiopía'),
(78, 'FO', 'Islas Feroe'),
(79, 'PH', 'Filipinas'),
(80, 'FI', 'Finlandia'),
(81, 'FJ', 'Fiyi'),
(82, 'FR', 'Francia'),
(83, 'GA', 'Gabón'),
(84, 'GM', 'Gambia'),
(85, 'GE', 'Georgia'),
(86, 'GS', 'Islas Georgias del Sur y Sandwich del Sur'),
(87, 'GH', 'Ghana'),
(88, 'GI', 'Gibraltar'),
(89, 'GD', 'Granada'),
(90, 'GR', 'Grecia'),
(91, 'GL', 'Groenlandia'),
(92, 'GP', 'Guadalupe'),
(93, 'GU', 'Guam'),
(94, 'GT', 'Guatemala'),
(95, 'GF', 'Guayana Francesa'),
(96, 'GN', 'Guinea'),
(97, 'GQ', 'Guinea Ecuatorial'),
(98, 'GW', 'Guinea-Bissau'),
(99, 'GY', 'Guyana'),
(100, 'HT', 'Haití'),
(101, 'HM', 'Islas Heard y McDonald'),
(102, 'HN', 'Honduras'),
(103, 'HK', 'Hong Kong'),
(104, 'HU', 'Hungría'),
(105, 'IN', 'India'),
(106, 'ID', 'Indonesia'),
(107, 'IR', 'Irán'),
(108, 'IQ', 'Iraq'),
(109, 'IE', 'Irlanda'),
(110, 'IS', 'Islandia'),
(111, 'IL', 'Israel'),
(112, 'IT', 'Italia'),
(113, 'JM', 'Jamaica'),
(114, 'JP', 'Japón'),
(115, 'JO', 'Jordania'),
(116, 'KZ', 'Kazajstán'),
(117, 'KE', 'Kenia'),
(118, 'KG', 'Kirguistán'),
(119, 'KI', 'Kiribati'),
(120, 'KW', 'Kuwait'),
(121, 'LA', 'Laos'),
(122, 'LS', 'Lesotho'),
(123, 'LV', 'Letonia'),
(124, 'LB', 'Líbano'),
(125, 'LR', 'Liberia'),
(126, 'LY', 'Libia'),
(127, 'LI', 'Liechtenstein'),
(128, 'LT', 'Lituania'),
(129, 'LU', 'Luxemburgo'),
(130, 'MO', 'Macao'),
(131, 'MK', 'ARY Macedonia'),
(132, 'MG', 'Madagascar'),
(133, 'MY', 'Malasia'),
(134, 'MW', 'Malawi'),
(135, 'MV', 'Maldivas'),
(136, 'ML', 'Malí'),
(137, 'MT', 'Malta'),
(138, 'FK', 'Islas Malvinas'),
(139, 'MP', 'Islas Marianas del Norte'),
(140, 'MA', 'Marruecos'),
(141, 'MH', 'Islas Marshall'),
(142, 'MQ', 'Martinica'),
(143, 'MU', 'Mauricio'),
(144, 'MR', 'Mauritania'),
(145, 'YT', 'Mayotte'),
(146, 'MX', 'México'),
(147, 'FM', 'Micronesia'),
(148, 'MD', 'Moldavia'),
(149, 'MC', 'Mónaco'),
(150, 'MN', 'Mongolia'),
(151, 'MS', 'Montserrat'),
(152, 'MZ', 'Mozambique'),
(153, 'MM', 'Myanmar'),
(154, 'NA', 'Namibia'),
(155, 'NR', 'Nauru'),
(156, 'NP', 'Nepal'),
(157, 'NI', 'Nicaragua'),
(158, 'NE', 'Níger'),
(159, 'NG', 'Nigeria'),
(160, 'NU', 'Niue'),
(161, 'NF', 'Isla Norfolk'),
(162, 'NO', 'Noruega'),
(163, 'NC', 'Nueva Caledonia'),
(164, 'NZ', 'Nueva Zelanda'),
(165, 'OM', 'Omán'),
(166, 'NL', 'Países Bajos'),
(167, 'PK', 'Pakistán'),
(168, 'PW', 'Palau'),
(169, 'PS', 'Palestina'),
(170, 'PA', 'Panamá'),
(171, 'PG', 'Papúa Nueva Guinea'),
(172, 'PY', 'Paraguay'),
(173, 'PE', 'Perú'),
(174, 'PN', 'Islas Pitcairn'),
(175, 'PF', 'Polinesia Francesa'),
(176, 'PL', 'Polonia'),
(177, 'PT', 'Portugal'),
(178, 'PR', 'Puerto Rico'),
(179, 'QA', 'Qatar'),
(180, 'GB', 'Reino Unido'),
(181, 'RE', 'Reunión'),
(182, 'RW', 'Ruanda'),
(183, 'RO', 'Rumania'),
(184, 'RU', 'Rusia'),
(185, 'EH', 'Sahara Occidental'),
(186, 'SB', 'Islas Salomón'),
(187, 'WS', 'Samoa'),
(188, 'AS', 'Samoa Americana'),
(189, 'KN', 'San Cristóbal y Nevis'),
(190, 'SM', 'San Marino'),
(191, 'PM', 'San Pedro y Miquelón'),
(192, 'VC', 'San Vicente y las Granadinas'),
(193, 'SH', 'Santa Helena'),
(194, 'LC', 'Santa Lucía'),
(195, 'ST', 'Santo Tomé y Príncipe'),
(196, 'SN', 'Senegal'),
(197, 'CS', 'Serbia y Montenegro'),
(198, 'SC', 'Seychelles'),
(199, 'SL', 'Sierra Leona'),
(200, 'SG', 'Singapur'),
(201, 'SY', 'Siria'),
(202, 'SO', 'Somalia'),
(203, 'LK', 'Sri Lanka'),
(204, 'SZ', 'Suazilandia'),
(205, 'ZA', 'Sudáfrica'),
(206, 'SD', 'Sudán'),
(207, 'SE', 'Suecia'),
(208, 'CH', 'Suiza'),
(209, 'SR', 'Surinam'),
(210, 'SJ', 'Svalbard y Jan Mayen'),
(211, 'TH', 'Tailandia'),
(212, 'TW', 'Taiwán'),
(213, 'TZ', 'Tanzania'),
(214, 'TJ', 'Tayikistán'),
(215, 'IO', 'Territorio Británico del Océano Índico'),
(216, 'TF', 'Territorios Australes Franceses'),
(217, 'TL', 'Timor Oriental'),
(218, 'TG', 'Togo'),
(219, 'TK', 'Tokelau'),
(220, 'TO', 'Tonga'),
(221, 'TT', 'Trinidad y Tobago'),
(222, 'TN', 'Túnez'),
(223, 'TC', 'Islas Turcas y Caicos'),
(224, 'TM', 'Turkmenistán'),
(225, 'TR', 'Turquía'),
(226, 'TV', 'Tuvalu'),
(227, 'UA', 'Ucrania'),
(228, 'UG', 'Uganda'),
(229, 'UY', 'Uruguay'),
(230, 'UZ', 'Uzbekistán'),
(231, 'VU', 'Vanuatu'),
(232, 'VE', 'Venezuela'),
(233, 'VN', 'Vietnam'),
(234, 'VG', 'Islas Vírgenes Británicas'),
(235, 'VI', 'Islas Vírgenes de los Estados Unidos'),
(236, 'WF', 'Wallis y Futuna'),
(237, 'YE', 'Yemen'),
(238, 'DJ', 'Yibuti'),
(239, 'ZM', 'Zambia'),
(240, 'ZW', 'Zimbabue');

-- --------------------------------------------------------

--
-- Estructura de tabla para la tabla `provincias`
--

CREATE TABLE IF NOT EXISTS `provincias` (
`id` int(10) NOT NULL,
  `provincia` varchar(255) NOT NULL
) ENGINE=MyISAM AUTO_INCREMENT=26 DEFAULT CHARSET=latin1;

--
-- Volcado de datos para la tabla `provincias`
--

INSERT INTO `provincias` (`id`, `provincia`) VALUES
(1, 'Buenos Aires'),
(2, 'Buenos Aires-GBA'),
(3, 'Capital Federal'),
(4, 'Catamarca'),
(5, 'Chaco'),
(6, 'Chubut'),
(7, 'Córdoba'),
(8, 'Corrientes'),
(9, 'Entre Ríos'),
(10, 'Formosa'),
(11, 'Jujuy'),
(12, 'La Pampa'),
(13, 'La Rioja'),
(14, 'Mendoza'),
(15, 'Misiones'),
(16, 'Neuquén'),
(17, 'Río Negro'),
(18, 'Salta'),
(19, 'San Juan'),
(20, 'San Luis'),
(21, 'Santa Cruz'),
(22, 'Santa Fe'),
(23, 'Santiago del Estero'),
(24, 'Tierra del Fuego'),
(25, 'Tucumán');

-- --------------------------------------------------------

--
-- Estructura de tabla para la tabla `rangos`
--

CREATE TABLE IF NOT EXISTS `rangos` (
`id_rango` int(10) unsigned NOT NULL,
  `rango` varchar(50) NOT NULL,
  `division` varchar(50) NOT NULL,
  `Oficial_Suboficial` varchar(50) NOT NULL
) ENGINE=InnoDB AUTO_INCREMENT=62 DEFAULT CHARSET=utf8mb4;

--
-- Volcado de datos para la tabla `rangos`
--

INSERT INTO `rangos` (`id_rango`, `rango`, `division`, `Oficial_Suboficial`) VALUES
(1, 'Voluntario de segunda «en comisión»', 'Ejercito', 'Suboficial'),
(2, 'Voluntario de segunda', 'Ejercito', 'Suboficial'),
(3, 'Voluntario de primera', 'Ejercito', 'Suboficial'),
(4, 'Cabo', 'Ejercito', 'Suboficial'),
(5, 'Cabo primero', 'Ejercito', 'Suboficial'),
(6, 'Sargento', 'Ejercito', 'Suboficial'),
(7, 'Sargento primero', 'Ejercito', 'Suboficial'),
(8, 'Sargento ayudante', 'Ejercito', 'Suboficial'),
(9, 'Suboficial principal', 'Ejercito', 'Suboficial'),
(10, 'Suboficial mayor', 'Ejercito', 'Suboficial'),
(11, 'Subteniente', 'Ejercito', 'Oficial'),
(12, 'Teniente', 'Ejercito', 'Oficial'),
(13, 'Teniente primero', 'Ejercito', 'Oficial'),
(14, 'Capitán', 'Ejercito', 'Oficial'),
(15, 'Mayor', 'Ejercito', 'Oficial'),
(16, 'Teniente Coronel', 'Ejercito', 'Oficial'),
(17, 'Coronel', 'Ejercito', 'Oficial'),
(18, 'Coronel mayor', 'Ejercito', 'Oficial'),
(19, 'General de brigada', 'Ejercito', 'Oficial'),
(20, 'General de división', 'Ejercito', 'Oficial'),
(21, 'Teniente general', 'Ejercito', 'Oficial'),
(22, 'Marinero de segunda', 'Armada', 'Suboficial'),
(23, 'Marinero de primera', 'Armada', 'Suboficial'),
(24, 'Cabo segundo', 'Armada', 'Suboficial'),
(25, 'Cabo primero', 'Armada', 'Suboficial'),
(26, 'Cabo principal', 'Armada', 'Suboficial'),
(27, 'Suboficial segundo', 'Armada', 'Suboficial'),
(28, 'Suboficial primero', 'Armada', 'Suboficial'),
(29, 'Suboficial principal', 'Armada', 'Suboficial'),
(30, 'Suboficial mayor', 'Armada', 'Suboficial'),
(31, 'Guardiamarina', 'Armada', 'Oficial'),
(32, 'Teniente de corbeta', 'Armada', 'Oficial'),
(33, 'Teniente de fragata', 'Armada', 'Oficial'),
(34, 'Teniente de navío', 'Armada', 'Oficial'),
(35, 'Capitán de corbeta', 'Armada', 'Oficial'),
(36, 'Capitán de fragata', 'Armada', 'Oficial'),
(37, 'Capitán de navío', 'Armada', 'Oficial'),
(38, 'Comodoro de marina', 'Armada', 'Oficial'),
(39, 'Contraalmirante', 'Armada', 'Oficial'),
(40, 'Vicealmirante', 'Armada', 'Oficial'),
(41, 'Almirante', 'Armada', 'Oficial'),
(42, 'Voluntario de segunda', 'Fuerza_Aérea', 'Suboficial'),
(43, 'Voluntario de primera', 'Fuerza_Aérea', 'Suboficial'),
(44, 'Cabo', 'Fuerza_Aérea', 'Suboficial'),
(45, 'Cabo primero', 'Fuerza_Aérea', 'Suboficial'),
(46, 'Cabo principal', 'Fuerza_Aérea', 'Suboficial'),
(47, 'Suboficial auxiliar', 'Fuerza_Aérea', 'Suboficial'),
(48, 'Suboficial ayudante', 'Fuerza_Aérea', 'Suboficial'),
(49, 'Suboficial principal', 'Fuerza_Aérea', 'Suboficial'),
(50, 'Suboficial mayor', 'Fuerza_Aérea', 'Suboficial'),
(51, 'Alférez', 'Fuerza_Aérea', 'Oficial'),
(52, 'Teniente', 'Fuerza_Aérea', 'Oficial'),
(53, 'Primer teniente', 'Fuerza_Aérea', 'Oficial'),
(54, 'Capitán', 'Fuerza_Aérea', 'Oficial'),
(55, 'Mayor', 'Fuerza_Aérea', 'Oficial'),
(56, 'Vicecomodoro', 'Fuerza_Aérea', 'Oficial'),
(57, 'Comodoro', 'Fuerza_Aérea', 'Oficial'),
(58, 'Comodoro mayor', 'Fuerza_Aérea', 'Oficial'),
(59, 'Brigadier', 'Fuerza_Aérea', 'Oficial'),
(60, 'Brigadier mayor', 'Fuerza_Aérea', 'Oficial'),
(61, 'Brigadier general', 'Fuerza_Aérea', 'Oficial');

-- --------------------------------------------------------

--
-- Estructura de tabla para la tabla `register`
--

CREATE TABLE IF NOT EXISTS `register` (
`id` int(10) unsigned NOT NULL,
  `nombre` varchar(50) NOT NULL,
  `contrasena` varchar(50) NOT NULL,
  `correo` varchar(70) NOT NULL,
  `rol` varchar(30) NOT NULL,
  `foto` varchar(2000) NOT NULL,
  `descripcion` text NOT NULL,
  `telefono` int(11) NOT NULL
) ENGINE=InnoDB AUTO_INCREMENT=20 DEFAULT CHARSET=utf8mb4;

--
-- Volcado de datos para la tabla `register`
--

INSERT INTO `register` (`id`, `nombre`, `contrasena`, `correo`, `rol`, `foto`, `descripcion`, `telefono`) VALUES
(1, 'aaron', 'aaron', 'fake@gmail.com', '2', '', '', 0),
(2, 'MikeNoble', '721dfbf28a5c6cb2cfa2937e61e87756', 'Mikemoble2905@gmail.com', '3', '', '', 0),
(3, 'JoaquinReyes', '81dc9bdb52d04dc20036dbd8313ed055', 'Joaquin@gmail.com', '2', 'JoaquinReyes/212fdaff54221f9097aeaba1c21a4448.jpg', '', 0),
(4, 'wrwrfw', '0cc175b9c0f1b6a831c399e269772661', 'wdvwaw', '1', '', '', 0),
(5, 'pp', 'c483f6ce851c9ecd9fb835ff7551737c', 'pp', '1', '', '', 0),
(6, 'Evelyn2', '827ccb0eea8a706c4c34a16891f84e7b', 'Luca2@gmail.com', '1', '', '', 0),
(14, 'LucaOshiro', '202cb962ac59075b964b07152d234b70', 'lucaoshiro@gmail.com', '2', 'Luca/messi.jpg', 'kkkkkk', 30292627),
(16, 'asd', '7815696ecbf1c96e6894b779456d330e', 'asd@gmail.com', '3', 'user.png', 'Sin descripcion', 0),
(17, 'Luca', '202cb962ac59075b964b07152d234b70', 'luca@gmail.com', '1', 'user.png', 'Sin descripcion', 0),
(18, 'reichsacht', '5eb3c70fb1c47a19a7b6674092c19fc0', 'sdmatayoshi@gmail.com', '1', 'reichsacht/FgkX3fCXoAYzxSG.jpg', 'a', 1156188100),
(19, 'eve', '202cb962ac59075b964b07152d234b70', 'eve@gmail.com', '2', 'user.png', 'Sin descripcion', 0);

-- --------------------------------------------------------

--
-- Estructura de tabla para la tabla `roles`
--

CREATE TABLE IF NOT EXISTS `roles` (
  `id_rol` int(11) NOT NULL,
  `roles` varchar(100) NOT NULL
) ENGINE=InnoDB DEFAULT CHARSET=utf8mb4;

--
-- Volcado de datos para la tabla `roles`
--

INSERT INTO `roles` (`id_rol`, `roles`) VALUES
(1, 'usuario'),
(2, 'admin\r\n'),
(3, 'moderador');

-- --------------------------------------------------------

--
-- Estructura de tabla para la tabla `venta_de_armas`
--

CREATE TABLE IF NOT EXISTS `venta_de_armas` (
`id_arma` int(10) unsigned NOT NULL,
  `usuario` varchar(150) NOT NULL,
  `tipo` varchar(20) NOT NULL,
  `nombre` varchar(20) NOT NULL,
  `nacioanlidad` varchar(20) NOT NULL,
  `precio` int(15) unsigned NOT NULL,
  `imagen` mediumblob NOT NULL,
  `descripcion` text NOT NULL,
  `fecha_alta` datetime NOT NULL,
  `seg_img` mediumblob NOT NULL
) ENGINE=InnoDB AUTO_INCREMENT=55 DEFAULT CHARSET=latin1;

--
-- Volcado de datos para la tabla `venta_de_armas`
--

INSERT INTO `venta_de_armas` (`id_arma`, `usuario`, `tipo`, `nombre`, `nacioanlidad`, `precio`, `imagen`, `descripcion`, `fecha_alta`, `seg_img`) VALUES
(5, '', 'Fusiil', 'Fusil AR', 'argentina', 14000, 0x4172726179, 'Tokio, la ajetreada capital de Japón, mezcla lo ultramoderno y lo tradicional, desde los rascacielos iluminados con neones hasta los templos históricos. El opulento santuario Shinto Meiji es conocido por su puerta altísima y los bosques circundantes. El Palacio Imperial se ubica en medio de grandes jardines públicos. Los distintos museos de la ciudad ofrecen exhibiciones que van desde el arte clásico (en el Museo Nacional de Tokio) hasta un teatro kabuki reconstruido (en el Museo Edo-Tokyo).', '2022-11-15 18:11:24', ''),
(6, '', 'Fusil de Asalto', 'ARD', 'estadounidense', 24566, 0x4172726179, 'Tokio, la ajetreada capital de Japón, mezcla lo ultramoderno y lo tradicional, desde los rascacielos iluminados con neones hasta los templos históricos. El opulento santuario Shinto Meiji es conocido por su puerta altísima y los bosques circundantes. El Palacio Imperial se ubica en medio de grandes jardines públicos. Los distintos museos de la ciudad ofrecen exhibiciones que van desde el arte clásico (en el Museo Nacional de Tokio) hasta un teatro kabuki reconstruido (en el Museo Edo-Tokyo).', '0000-00-00 00:00:00', ''),
(7, '', 'Fusil de Asalto', 'mik', 'estadounidense', 245660, 0x4172726179, 'Tokio, la ajetreada capital de Japón, mezcla lo ultramoderno y lo tradicional, desde los rascacielos iluminados con neones hasta los templos históricos. El opulento santuario Shinto Meiji es conocido por su puerta altísima y los bosques circundantes. El Palacio Imperial se ubica en medio de grandes jardines públicos. Los distintos museos de la ciudad ofrecen exhibiciones que van desde el arte clásico (en el Museo Nacional de Tokio) hasta un teatro kabuki reconstruido (en el Museo Edo-Tokyo).', '0000-00-00 00:00:00', ''),
(8, '', 'subfusil', 'as', 'inglesa', 2788, 0x4172726179, 'Tokio, la ajetreada capital de Japón, mezcla lo ultramoderno y lo tradicional, desde los rascacielos iluminados con neones hasta los templos históricos. El opulento santuario Shinto Meiji es conocido por su puerta altísima y los bosques circundantes. El Palacio Imperial se ubica en medio de grandes jardines públicos. Los distintos museos de la ciudad ofrecen exhibiciones que van desde el arte clásico (en el Museo Nacional de Tokio) hasta un teatro kabuki reconstruido (en el Museo Edo-Tokyo).', '0000-00-00 00:00:00', ''),
(9, '', 'Fusil de Asalto', 'ARD-298', '', 95000, 0x4172726179, 'El desarrollo comenzó en 1967 bajo la dirección de Paul Tellie y el primer prototipo completado se desarrolló en 1971. La evaluación militar del fusil comenzó en 1972, el ejército francés finalmente aceptó el fusil en 1978 como arma estándar de combate. Después de adoptarlo, el FAMAS (designado FAMAS F1) reemplazó el antiguo fusil semiautomático MAS-49 y al subfusil MAT-49.\r\n\r\nFueron producidos aproximadamente 400.000 fusiles de asalto FAMAS F1, después Industrias GIAT reemplazó el FAMAS F1 por el nuevo FAMAS G1. El G1 incluía varias mejoras menores como la zona de agarre rediseñada y un protector alargado en el gatillo.\r\n\r\nEl G1 fue un modelo provisional, ya que pronto fue mejorado y llamado FAMAS G2. El G2 apareció en 1994 y fue adquirido por la marina francesa en 1995.', '0000-00-00 00:00:00', ''),
(10, '', 'rifle francotirador', 'TAG-MIKE', '19', 45000, 0x4172726179, 'El desarrollo comenzó en 1967 bajo la dirección de Paul Tellie y el primer prototipo completado se desarrolló en 1971. La evaluación militar del fusil comenzó en 1972, el ejército francés finalmente aceptó el fusil en 1978 como arma estándar de combate. Después de adoptarlo, el FAMAS (designado FAMAS F1) reemplazó el antiguo fusil semiautomático MAS-49 y al subfusil MAT-49. Fueron producidos aproximadamente 400.000 fusiles de asalto FAMAS F1, después Industrias GIAT reemplazó el FAMAS F1 por el nuevo FAMAS G1. El G1 incluía varias mejoras menores como la zona de agarre rediseñada y un protector alargado en el gatillo. El G1 fue un modelo provisional, ya que pronto fue mejorado y llamado FAMAS G2. El G2 apareció en 1994 y fue adquirido por la marina francesa en 1995.', '0000-00-00 00:00:00', ''),
(11, '', 'Fusil de Asalto', 'AK-47', '184', 150000, 0x4172726179, 'El Avtomat Kalashnikova modelo 1947 (del ruso ??????? ??????????? ??????? 1947 ????) o más conocido por el acrónimo AK-47 (que recibe en nombre de su diseñador y la fecha en la que la creó) es un fusil de asalto soviético, de calibre 7,62 mm, diseñado por Mijaíl Kaláshnikov, combatiente soviético durante la Segunda Guerra Mundial. Fue el fusil oficial de la Unión Soviética entre 1951 y 1978. En diciembre de 2007, el AK-47 llegó a ser el arma de fuego de mayor producción de la historia, con cerca de 80 millones de unidades manufacturadas.', '0000-00-00 00:00:00', ''),
(12, '', 'ametralladora', 'FN M240', '13', 245661, 0x4172726179, 'La M240 (formalmente Ametralladora, 7,62 mm, M240) es una versión especial de la ametralladora media belga FN MAG hecha para el Ejército de Estados Unidos en los años 1970.\r\nDesde entonces ha sido usada por las fuerzas estadounidenses, en gran parte por la infantería, vehículos terrestres, medios marinos y aéreos. A pesar de no ser la ametralladora más ligera en servicio, la M240 es conocida por su fiabilidad y por ser estandarizada como ametralladora de la OTAN.\r\nTodas las variantes de la serie M240 son alimentadas por cinta desintegrable y son capaces de disparar varios tipos de cartuchos 7,62 × 51 mm OTAN. Todas comparten las mismas piezas internas, por lo que son intercambiables entre otras variantes de esta familia. Las diferencias radican en su peso y otras características.\r\nLa M240 es fabricada por la división estadounidense de FN Herstal, una compañía belga que históricamente siempre fabricó armas para Estados Unidos.\r\nLa M240B y M240G son disparadas desde sus bípodes, el trípode M122A1 u otros tipos de montajes.\r\n', '0000-00-00 00:00:00', ''),
(20, 'pp', 'eawfvearsver', 'ervfrevgerave', '236', 14234, 0x4172726179, 'wervgwrefgr', '0000-00-00 00:00:00', ''),
(21, 'pp', 'eargvw4eg', 'rthbrtehbrt', '237', 32423, 0x4172726179, '4ergvw4eg4rg', '0000-00-00 00:00:00', ''),
(22, 'pp', 'sfzgbsgsd', 'dzfvgbszgbz', '240', 42, 0x4172726179, 'sdgvwrsgwgr', '0000-00-00 00:00:00', ''),
(23, 'pp', 'wrtgwregrwe', 'wefwaegwrg', '16', 56746, 0x4172726179, 'wrgwrgwrgwr', '0000-00-00 00:00:00', ''),
(24, 'pp', 'w3e5th4ruh46', 'tryjhrjryj', '240', 3453, 0x4172726179, 'wrtyhrhbfgj', '0000-00-00 00:00:00', ''),
(25, 'pp', 's<rrgsg', '<aewrgwaregregr', '230', 2452, 0x4172726179, 'wrgwrgwregrw', '0000-00-00 00:00:00', ''),
(28, 'pp', 'jjjj', 'jjjj', '239', 21313, 0x4172726179, 'efgergegee', '0000-00-00 00:00:00', ''),
(29, 'pp', 'rthryhry', 'rygyhbrdyhhr', '240', 1234, 0x4172726179, 'rthbrhrhrt', '0000-00-00 00:00:00', ''),
(30, 'JoaquinReyes', 'dasdsadas', 'asdsad', '16', 1, 0x4172726179, 'sadsadsa', '0000-00-00 00:00:00', ''),
(33, 'pp', 'ryh', 'ryut', '18', 54, 0x4172726179, 'yt6hyt66', '0000-00-00 00:00:00', ''),
(38, 'pp', 'g', 'ggg', '19', 22, 0x4172726179, 'ggg', '0000-00-00 00:00:00', ''),
(39, 'pp', 'pistola', 'Marcos', '18', 567, 0x4172726179, 'e', '0000-00-00 00:00:00', ''),
(40, 'pp', 'm', 'm', '130', 222, 0x4172726179, 'm', '2022-11-10 10:14:50', ''),
(44, 'pp', 'qqqqqqqqqqqqqq', 'qqqqqqqqq', '18', 111, 0x4172726179, 'qqqqqqqqqq', '2022-11-10 10:37:40', ''),
(45, 'pp', 'eeeeee', 'eeeee', '65', 1111, 0x4172726179, 'eeeeeeeeeeee', '2022-11-10 10:39:01', ''),
(46, 'pp', 'ssssssssss', 'ssssss', '18', 122, 0x4172726179, 'ssssss', '2022-11-10 10:39:33', ''),
(47, 'pp', 'tttttttt', 'ttttttt', '220', 66, 0x4172726179, 'ttttttttttt', '2022-11-10 10:43:47', ''),
(48, 'pp', 'q', 'gf', '179', 23, 0x4172726179, 'q', '2022-11-10 10:44:18', ''),
(49, 'JoaquinReyes', 'subfusil', 'Stephania Pekar', '170', 414634, 0x696d672f757365722e706e67, 'Lorem ipsum dolor sit amet consectetur adipisicing elit. Porro explicabo earum quia eligendi veniam. Debitis, magni ipsa. Laborum aliquam perspiciatis cum repellat nesciunt doloremque at qui architecto, magnam distinctio quo!', '2022-11-15 07:14:17', ''),
(51, 'JoaquinReyes', 'fusil de combate', 'Sharie Motsinger', '115', 350935, 0x696d672f757365722e706e67, 'Lorem ipsum dolor sit amet consectetur adipisicing elit. Porro explicabo earum quia eligendi veniam. Debitis, magni ipsa. Laborum aliquam perspiciatis cum repellat nesciunt doloremque at qui architecto, magnam distinctio quo!', '2022-11-15 07:25:34', ''),
(54, 'JoaquinReyes', 'vfdvfdd', 'fvfdvfdvdf', '16', 4294967295, 0x4172726179, 'dfvfvdfv', '2022-11-16 01:06:53', 0x4172726179);

--
-- Índices para tablas volcadas
--

--
-- Indices de la tabla `armas`
--
ALTER TABLE `armas`
 ADD PRIMARY KEY (`id`);

--
-- Indices de la tabla `autoridades`
--
ALTER TABLE `autoridades`
 ADD PRIMARY KEY (`IDtrabajadores`);

--
-- Indices de la tabla `conflictos`
--
ALTER TABLE `conflictos`
 ADD PRIMARY KEY (`id`);

--
-- Indices de la tabla `grup_conform_ffaa`
--
ALTER TABLE `grup_conform_ffaa`
 ADD PRIMARY KEY (`id`);

--
-- Indices de la tabla `informes`
--
ALTER TABLE `informes`
 ADD PRIMARY KEY (`id`);

--
-- Indices de la tabla `inscripciones`
--
ALTER TABLE `inscripciones`
 ADD PRIMARY KEY (`id`);

--
-- Indices de la tabla `localidades`
--
ALTER TABLE `localidades`
 ADD PRIMARY KEY (`id`);

--
-- Indices de la tabla `operacionedelasffaa`
--
ALTER TABLE `operacionedelasffaa`
 ADD PRIMARY KEY (`id`);

--
-- Indices de la tabla `paises`
--
ALTER TABLE `paises`
 ADD PRIMARY KEY (`id`);

--
-- Indices de la tabla `provincias`
--
ALTER TABLE `provincias`
 ADD PRIMARY KEY (`id`);

--
-- Indices de la tabla `rangos`
--
ALTER TABLE `rangos`
 ADD PRIMARY KEY (`id_rango`);

--
-- Indices de la tabla `register`
--
ALTER TABLE `register`
 ADD PRIMARY KEY (`id`);

--
-- Indices de la tabla `venta_de_armas`
--
ALTER TABLE `venta_de_armas`
 ADD PRIMARY KEY (`id_arma`), ADD UNIQUE KEY `precio_arma` (`precio`);

--
-- AUTO_INCREMENT de las tablas volcadas
--

--
-- AUTO_INCREMENT de la tabla `armas`
--
ALTER TABLE `armas`
MODIFY `id` int(10) unsigned NOT NULL AUTO_INCREMENT,AUTO_INCREMENT=28;
--
-- AUTO_INCREMENT de la tabla `autoridades`
--
ALTER TABLE `autoridades`
MODIFY `IDtrabajadores` int(11) NOT NULL AUTO_INCREMENT,AUTO_INCREMENT=23;
--
-- AUTO_INCREMENT de la tabla `conflictos`
--
ALTER TABLE `conflictos`
MODIFY `id` int(10) unsigned NOT NULL AUTO_INCREMENT,AUTO_INCREMENT=7;
--
-- AUTO_INCREMENT de la tabla `grup_conform_ffaa`
--
ALTER TABLE `grup_conform_ffaa`
MODIFY `id` int(10) unsigned NOT NULL AUTO_INCREMENT,AUTO_INCREMENT=4;
--
-- AUTO_INCREMENT de la tabla `informes`
--
ALTER TABLE `informes`
MODIFY `id` int(10) NOT NULL AUTO_INCREMENT,AUTO_INCREMENT=53;
--
-- AUTO_INCREMENT de la tabla `inscripciones`
--
ALTER TABLE `inscripciones`
MODIFY `id` int(10) unsigned NOT NULL AUTO_INCREMENT;
--
-- AUTO_INCREMENT de la tabla `localidades`
--
ALTER TABLE `localidades`
MODIFY `id` int(11) NOT NULL AUTO_INCREMENT,AUTO_INCREMENT=2383;
--
-- AUTO_INCREMENT de la tabla `paises`
--
ALTER TABLE `paises`
MODIFY `id` int(11) NOT NULL AUTO_INCREMENT,AUTO_INCREMENT=241;
--
-- AUTO_INCREMENT de la tabla `provincias`
--
ALTER TABLE `provincias`
MODIFY `id` int(10) NOT NULL AUTO_INCREMENT,AUTO_INCREMENT=26;
--
-- AUTO_INCREMENT de la tabla `rangos`
--
ALTER TABLE `rangos`
MODIFY `id_rango` int(10) unsigned NOT NULL AUTO_INCREMENT,AUTO_INCREMENT=62;
--
-- AUTO_INCREMENT de la tabla `register`
--
ALTER TABLE `register`
MODIFY `id` int(10) unsigned NOT NULL AUTO_INCREMENT,AUTO_INCREMENT=20;
--
-- AUTO_INCREMENT de la tabla `venta_de_armas`
--
ALTER TABLE `venta_de_armas`
MODIFY `id_arma` int(10) unsigned NOT NULL AUTO_INCREMENT,AUTO_INCREMENT=55;
/*!40101 SET CHARACTER_SET_CLIENT=@OLD_CHARACTER_SET_CLIENT */;
/*!40101 SET CHARACTER_SET_RESULTS=@OLD_CHARACTER_SET_RESULTS */;
/*!40101 SET COLLATION_CONNECTION=@OLD_COLLATION_CONNECTION */;
